date,,wh,,,,,,
31/3/85 8:13,,2.177000046,,,,,,
5/4/85 21:26,,0.291000009,,,,,,13:46.8
8/4/85 21:35,,2.164000034,,35:06.2,,,,
23/4/85 9:53,,1.57980001,,53:29.1,31160.41214,,,
16/5/85 11:33,,2.310600281,,33:14.3,31183.48142,,,
30/7/85 16:49,,0.482666731,,30/7/85 16:49,31258.70111,,,
29:05.6,,1.271777749,,29:05.6,31281.7702,,,
08:44.5,,0.473181844,,08:44.5,31304.8394,,,
29:54.7,,0.410900027,,29:54.7,31313.39577,,,
48:02.3,,2.001000166,,48:02.3,31327.90836,,,
27:24.5,,1.241000056,,27:24.5,31350.97737,,,
36:09.3,,1.731545329,,36:09.3,31353.98344,,,
48:30.1,,1.117555499,,48:30.1,31359.53368,,,
15:21.1,,0.551666677,,15:21.1,31377.05233,,,
33:36.4,,0.768600047,,33:36.4,31423.19,,,
54:59.2,,0.654199958,,54:59.2,31431.74652,,,
12:35.5,,1.075285792,,12:35.5,31446.25874,,,
00:17.4,,1.744444489,,00:17.4,31472.33354,,,
39:13.1,,2.001062393,,,,,,
18:06.9,,2.327052832,,,,,,
56:55.5,,0.518142879,,,,,,
35:32.7,,2.768230677,,,,,,
14:01.9,,1.546750069,,,,,,
52:39.3,,1.376882315,,,,,,
09:37.9,,2.475312471,,,,,,
30:46.5,,1.66161108,,,,,,
48:05.6,,0.738333404,,,,,,
50:45.1,,0.702000022,,,,,,
03:29.4,,1.462000132,,,,,,
54:26.1,,1.8950001,,,,,,
04:44.8,,1.412500024,,,,,,
07:09.8,,1.64833343,,,,,,
08:17.9,,0.824714303,,,,,,
24:23.8,,1.418900013,,,,,,
39:42.9,,1.967500091,,,,,,
49:58.7,,1.800500274,,,,,,
52:24.2,,1.154500008,,,,,,
15:20.8,,2.042142868,,,,,,
28:01.6,,0.69416672,,,,,,
55:52.7,,0.404000014,,,,,,
06:11.9,,1.852428555,,,,,,
08:37.4,,1.982000113,,,,,,
21:18.2,,1.669000149,,,,,,
31:38.9,,0.901333332,,,,,,
44:21.7,,2.234571695,,,,,,
57:01.1,,1.280714393,,,,,,
22:20.0,,2.232000113,,,,,,
35:03.0,,1.62442863,,,,,,
00:28.6,,1.383857131,,,,,,
13:10.4,,4.651167393,,,,,,
25:54.7,,2.146833658,,,,,,
38:35.0,,2.076333284,,,,,,
40:59.0,,1.907999992,,,,,,
43:04.9,,1.272666812,,,,,,
57:14.7,,1.534894705,,,,,,
41:32.7,,1.855900049,,,,,,
55:46.6,,1.079999924,,,,,,
40:04.7,,0.632550001,,,,,,
54:18.5,,0.824631572,,,,,,
38:36.5,,0.469263136,,,,,,
51:21.5,,0.596947432,,,,,,
35:39.9,,0.724684179,,,,,,
49:53.1,,1.468421102,,,,,,
34:10.7,,2.66775012,,,,,,
48:21.9,,1.566923141,,,,,,
32:42.7,,1.573789477,,,,,,
06:15.1,,0.836058915,,,,,,
31:16.1,,1.679933429,,,,,,
45:28.0,,1.690421104,,,,,,
29:45.7,,1.235579014,,,,,,
43:59.2,,1.052210569,,,,,,
28:17.7,,0.986099899,,,,,,
42:30.8,,2.461789608,,,,,,
26:49.0,,2.90036869,,,,,,
41:02.3,,1.523842216,,,,,,
25:18.4,,1.28137517,,,,,,
39:34.5,,0.714312553,,,,,,
23:53.9,,1.054800034,,,,,,
38:05.0,,1.357684255,,,,,,
22:23.0,,1.05979991,,,,,,
36:35.7,,0.819052637,,,,,,
20:54.1,,0.780099988,,,,,,
35:07.4,,1.307684302,,,,,,
19:24.1,,0.622062445,,,,,,
32:12.7,,2.098437548,,,,,,
16:29.4,,2.379555702,,,,,,
30:42.8,,1.834789515,,,,,,
15:01.1,,2.393549919,,,,,,
29:14.5,,1.39084208,,,,,,
13:32.7,,1.429579139,,,,,,
27:46.6,,1.651473641,,,,,,
12:04.9,,2.22884202,,,,,,
26:17.9,,2.167947531,,,,,,
10:36.3,,3.111315966,,,,,,
24:49.7,,1.167055726,,,,,,
09:07.4,,1.279894829,,,,,,
23:20.9,,2.179105282,,,,,,
07:39.3,,2.755947828,,,,,,
21:52.1,,2.212368488,,,,,,
06:10.4,,2.251105547,,,,,,
20:22.0,,1.940250158,,,,,,
04:40.2,,1.307700157,,,,,,
18:53.0,,0.841315746,,,,,,
03:10.7,,0.863684177,,,,,,
06:06.8,,0.627299964,,,,,,
00:13.2,,1.846500158,,,,,,
14:25.5,,1.740263343,,,,,,
58:43.9,,1.707052708,,,,,,
12:57.7,,1.929157853,,,,,,
57:16.1,,1.557105303,,,,,,
11:28.9,,1.357579112,,,,,,
55:47.4,,1.62915802,,,,,,
10:01.1,,1.418250084,,,,,,
54:19.5,,0.935736835,,,,,,
08:32.8,,0.65257895,,,,,,
07:03.9,,2.112421036,,,,,,
51:22.4,,1.601578951,,,,,,
05:35.5,,0.61135,,,,,,
49:53.9,,0.713684261,,,,,,
04:07.0,,0.708157837,,,,,,
48:25.3,,1.244450092,,,,,,
02:49.0,,0.886000037,,,,,,
46:53.1,,1.228500128,,,,,,
01:10.7,,0.741315782,,,,,,
45:29.5,,0.842294157,,,,,,
59:42.5,,0.657999992,,,,,,
44:00.2,,0.611400008,,,,,,
58:13.4,,2.234421253,,,,,,
42:31.7,,1.908599854,,,,,,
56:45.0,,1.895789266,,,,,,
41:03.1,,2.905842304,,,,,,
55:15.7,,1.546052694,,,,,,
39:33.8,,1.030157924,,,,,,
53:47.1,,0.738100111,,,,,,
38:05.5,,1.601526499,,,,,,
52:22.5,,0.615888894,,,,,,
36:35.6,,0.785684228,,,,,,
50:48.6,,1.740368485,,,,,,
35:06.4,,1.349900126,,,,,,
49:19.2,,1.646052718,,,,,,
33:36.6,,1.840555668,,,,,,
47:50.3,,1.779157996,,,,,,
51:59.7,,1.091666698,,,,,,
46:27.4,,1.786909223,,,,,,
30:40.9,,1.44078958,,,,,,
44:54.5,,1.080105186,,,,,,
29:13.1,,1.812526345,,,,,,
43:27.6,,0.903333366,,,,,,
27:44.8,,0.830263257,,,,,,
41:59.0,,2.762600183,,,,,,
26:16.2,,2.983684301,,,,,,
40:30.7,,2.03275013,,,,,,
24:48.6,,2.023579121,,,,,,
39:00.9,,1.534842134,,,,,,
23:19.6,,2.384157896,,,,,,
37:32.7,,1.81810534,,,,,,
21:50.3,,1.918052673,,,,,,
36:03.5,,3.422210693,,,,,,
20:22.4,,2.126353025,,,,,,
34:34.6,,2.256736994,,,,,,
18:53.4,,1.523842216,,,,,,
33:06.0,,1.829449892,,,,,,
17:24.2,,1.374263287,,,,,,
31:37.3,,1.363105297,,,,,,
15:55.8,,1.224368453,,,,,,
30:09.6,,1.723950148,,,,,,
14:27.6,,1.279947639,,,,,,
28:41.8,,1.773631692,,,,,,
12:59.3,,2.27878952,,,,,,
25:44.7,,3.640562534,,,,,,
10:02.9,,2.744894981,,,,,,
24:16.0,,1.257789493,,,,,,
08:33.9,,2.012473822,,,,,,
22:47.3,,1.651526332,,,,,,
07:04.8,,1.002263069,,,,,,
21:18.4,,1.230000019,,,,,,
05:36.2,,1.00231564,,,,,,
19:49.4,,2.062421083,,,,,,
04:07.7,,2.578210831,,,,,,
18:21.0,,2.02347374,,,,,,
02:38.5,,2.499000549,,,,,,
16:51.8,,2.594895124,,,,,,
01:09.5,,1.668263197,,,,,,
15:23.0,,0.874631584,,,,,,
59:40.3,,0.907947361,,,,,,
13:53.2,,0.780157924,,,,,,
58:11.5,,0.469263166,,,,,,
12:24.1,,0.7247895,,,,,,
56:42.1,,0.63026315,,,,,,
10:55.8,,1.690368414,,,,,,
55:13.9,,1.723736763,,,,,,
09:28.8,,1.46831584,,,,,,
53:46.4,,2.006842136,,,,,,
08:00.2,,0.835842192,,,,,,
52:18.3,,0.500999928,,,,,,
05:05.1,,0.600294054,,,,,,
49:22.7,,1.091599941,,,,,,
03:35.5,,1.078176498,,,,,,
47:54.6,,1.31868434,,,,,,
02:12.2,,0.818454564,,,,,,
46:25.8,,1.601789355,,,,,,
00:39.5,,1.119105339,,,,,,
44:57.7,,0.838300049,,,,,,
59:10.9,,1.302210689,,,,,,
43:28.8,,0.769052684,,,,,,
57:42.5,,1.776699781,,,,,,
42:00.8,,1.934789777,,,,,,
56:13.8,,1.272500038,,,,,,
40:32.5,,0.692444503,,,,,,
54:45.7,,0.908000052,,,,,,
39:03.6,,0.704111099,,,,,,
53:17.5,,0.941210568,,,,,,
37:33.9,,1.022176504,,,,,,
51:48.2,,0.586833298,,,,,,
36:06.7,,0.502631605,,,,,,
50:20.5,,1.286750078,,,,,,
34:38.2,,1.096789479,,,,,,
33:10.7,,1.624000072,,,,,,
47:24.8,,1.983529449,,,,,,
31:41.0,,1.601578951,,,,,,
45:54.6,,0.535894811,,,,,,
30:12.2,,0.630368412,,,,,,
44:26.3,,0.569222212,,,,,,
28:43.6,,0.864600003,,,,,,
42:56.5,,1.684736967,,,,,,
27:14.4,,1.74584198,,,,,,
41:27.9,,1.451736927,,,,,,
25:46.2,,2.201210737,,,,,,
24:10.7,,1.658833385,,,,,,
15:32.1,,1.309366703,,,,,,
38:29.2,,0.780210495,,,,,,
22:47.5,,1.168947458,,,,,,
37:01.1,,1.501684308,,,,,,
49:54.9,,1.601222277,,,,,,
21:19.5,,1.52936852,,,,,,
30:56.8,,2.467058659,,,,,,
35:33.8,,2.140052795,,,,,,
19:51.9,,1.673684239,,,,,,
28:04.8,,1.090353012,,,,,,
18:23.6,,1.790315747,,,,,,
32:39.4,,0.85937506,,,,,,
16:56.0,,1.557105303,,,,,,
49:56.0,,1.918882489,,,,,,
30:57.9,,1.438705921,,,,,,
31:14.9,,1.777181983,,,,,,
29:41.7,,0.727555513,,,,,,
13:59.2,,0.669315815,,,,,,
36:21.3,,0.643592715,,,,,,
28:12.9,,1.08568418,,,,,,
40:19.4,,2.134593964,,,,,,
26:50.7,,3.346500158,,,,,,
49:58.4,,1.610722423,,,,,,
30:59.5,,3.220647573,,,,,,
25:15.5,,3.793789864,,,,,,
09:33.6,,2.872684479,,,,,,
23:46.1,,2.725055933,,,,,,
40:22.8,,2.701483727,,,,,,
08:04.9,,2.65610528,,,,,,
22:18.0,,1.001649976,,,,,,
06:36.1,,1.451684356,,,,,,
49:55.0,,1.842588305,,,,,,
30:57.3,,1.886412024,,,,,,
05:07.4,,1.418350101,,,,,,
19:24.5,,0.534222305,,,,,,
03:38.6,,1.324421287,,,,,,
28:08.0,,0.841000021,,,,,,
02:10.6,,0.658105254,,,,,,
16:24.3,,1.707105279,,,,,,
00:41.8,,2.761473894,,,,,,
31:00.0,,1.964764714,,,,,,
59:04.5,,0.675000012,,,,,,
13:27.2,,1.026388884,,,,,,
28:04.9,,0.741250038,,,,,,
11:58.6,,1.818052769,,,,,,
56:17.0,,1.028149843,,,,,,
49:51.9,,0.500750005,,,,,,
10:27.2,,0.555999994,,,,,,
54:48.5,,0.752421021,,,,,,
28:04.8,,0.621117651,,,,,,
07:32.6,,1.385158062,,,,,,
51:49.9,,0.835684299,,,,,,
50:21.7,,1.690368414,,,,,,
49:56.0,,2.161176682,,,,,,
30:57.9,,0.874176502,,,,,,
04:33.2,,0.885650158,,,,,,
48:52.7,,0.681058764,,,,,,
03:08.3,,0.799454629,,,,,,
28:01.0,,2.042235136,,,,,,
45:54.7,,1.041210532,,,,,,
49:55.2,,0.798470616,,,,,,
00:09.3,,0.58782351,,,,,,
30:58.1,,0.552153826,,,,,,
44:25.7,,0.453300059,,,,,,
58:41.7,,0.758999944,,,,,,
42:59.9,,1.901526451,,,,,,
28:04.3,,0.720176458,,,,,,
41:35.3,,1.993000031,,,,,,
55:45.8,,1.366166711,,,,,,
40:03.3,,2.256625175,,,,,,
49:53.3,,2.736722469,,,,,,
30:53.8,,2.483058929,,,,,,
54:16.6,,2.572727203,,,,,,
38:34.8,,1.324368477,,,,,,
52:48.4,,1.565750003,,,,,,
37:07.1,,3.06689477,,,,,,
51:19.9,,1.418684244,,,,,,
35:38.2,,1.26884234,,,,,,
49:53.2,,0.694823563,,,,,,
49:52.2,,0.591473758,,,,,,
30:50.5,,0.467000008,,,,,,
48:23.1,,1.634736896,,,,,,
32:41.7,,1.757000208,,,,,,
28:04.8,,1.26011765,,,,,,
46:54.6,,1.590579033,,,,,,
31:12.6,,1.207684278,,,,,,
45:26.5,,2.811473846,,,,,,
29:44.8,,1.657105446,,,,,,
49:55.4,,1.179500103,,,,,,
30:56.1,,1.877470732,,,,,,
44:03.8,,0.534000039,,,,,,
28:16.1,,1.397150159,,,,,,
42:29.4,,2.328789473,,,,,,
26:47.7,,2.451699972,,,,,,
04:20.9,,2.326322556,,,,,,
41:01.2,,1.662631631,,,,,,
25:19.9,,3.177999973,,,,,,
49:54.2,,1.314294219,,,,,,
30:55.3,,1.304999948,,,,,,
38:04.5,,1.04110527,,,,,,
22:22.2,,1.181250095,,,,,,
31:26.8,,2.147741079,,,,,,
36:35.1,,1.479526401,,,,,,
20:51.3,,0.949066579,,,,,,
35:07.4,,0.632400036,,,,,,
19:25.9,,0.622000098,,,,,,
49:53.7,,0.494470596,,,,,,
30:54.5,,0.750941217,,,,,,
33:37.2,,1.768157959,,,,,,
17:57.2,,0.627888918,,,,,,
54:17.4,,1.626657844,,,,,,
40:17.2,,2.468967915,,,,,,
30:41.6,,0.870785654,,,,,,
14:57.9,,1.557315946,,,,,,
49:49.7,,1.777705908,,,,,,
13:29.4,,1.246526361,,,,,,
27:42.8,,1.568263173,,,,,,
12:00.4,,1.185578942,,,,,,
40:18.7,,1.496419549,,,,,,
26:13.8,,1.468421102,,,,,,
10:31.9,,1.540578961,,,,,,
09:03.7,,0.941210568,,,,,,
49:51.9,,0.909529448,,,,,,
30:52.9,,1.674647212,,,,,,
23:17.7,,1.341052771,,,,,,
07:35.4,,1.196631551,,,,,,
36:10.1,,1.111724019,,,,,,
20:21.3,,1.979157686,,,,,,
04:39.0,,1.402500153,,,,,,
18:52.1,,1.513050079,,,,,,
03:11.2,,0.918750048,,,,,,
30:52.0,,0.794785798,,,,,,
17:22.8,,0.692499995,,,,,,
01:41.3,,0.722250044,,,,,,
36:06.7,,1.116655231,,,,,,
15:54.8,,1.155388951,,,,,,
00:12.5,,0.885736942,,,,,,
14:26.4,,0.680315733,,,,,,
58:44.3,,0.769599974,,,,,,
49:46.1,,0.548588216,,,,,,
30:47.7,,0.876764715,,,,,,
12:58.1,,2.362000227,,,,,,
57:15.3,,1.834736824,,,,,,
11:29.6,,2.733842373,,,,,,
55:46.9,,2.129052877,,,,,,
36:05.5,,1.100275874,,,,,,
10:00.9,,2.090105057,,,,,,
54:18.8,,2.439842463,,,,,,
08:32.7,,1.571050048,,,,,,
49:47.9,,1.655111194,,,,,,
52:50.5,,1.990263343,,,,,,
30:49.1,,1.894235253,,,,,,
51:22.4,,0.833000004,,,,,,
36:04.8,,1.330896735,,,,,,
49:54.0,,1.241052866,,,,,,
04:17.1,,1.019000053,,,,,,
49:47.5,,1.749058843,,,,,,
30:49.3,,2.289058924,,,,,,
02:40.1,,1.152157903,,,,,,
46:58.2,,2.517263412,,,,,,
01:08.5,,1.595000148,,,,,,
45:30.7,,1.547666788,,,,,,
27:57.3,,5.654118061,,,,,,
59:43.4,,2.783789635,,,,,,
44:01.0,,1.901420951,,,,,,
58:21.0,,2.283125162,,,,,,
49:49.3,,0.74621433,,,,,,
30:49.5,,1.522176623,,,,,,
56:46.7,,1.202210546,,,,,,
41:04.6,,0.959699929,,,,,,
55:18.8,,2.064352989,,,,,,
20:30.4,,1.914285779,,,,,,
39:34.6,,2.203937531,,,,,,
53:49.8,,2.6256001,,,,,,
38:07.9,,2.317631721,,,,,,
49:46.9,,2.585764647,,,,,,
30:48.8,,1.900889039,,,,,,
36:39.7,,2.262158155,,,,,,
50:56.1,,1.056077123,,,,,,
35:11.5,,1.263157845,,,,,,
25:50.9,,1.013233423,,,,,,
49:25.3,,1.265350103,,,,,,
33:43.7,,0.67484206,,,,,,
47:57.2,,1.435158134,,,,,,
32:16.2,,1.617722273,,,,,,
30:51.7,,1.529764771,,,,,,
45:00.6,,3.041611433,,,,,,
25:52.7,,2.308600187,,,,,,
43:30.6,,1.335631728,,,,,,
27:48.6,,1.529315948,,,,,,
49:50.8,,1.076352954,,,,,,
30:52.8,,2.221687794,,,,,,
26:19.5,,2.350947618,,,,,,
40:33.4,,3.527777672,,,,,,
24:48.9,,3.276083708,,,,,,
52:41.2,,1.280833364,,,,,,
39:04.8,,2.278947353,,,,,,
23:22.7,,2.127833366,,,,,,
49:50.6,,0.600000143,,,,,,
30:52.0,,2.007294178,,,,,,
36:06.8,,2.138062477,,,,,,
20:25.2,,2.617105484,,,,,,
34:37.5,,1.772764802,,,,,,
18:57.2,,2.918555737,,,,,,
33:10.3,,0.487111092,,,,,,
49:46.3,,1.481411815,,,,,,
31:42.7,,1.562684298,,,,,,
30:48.7,,1.385470629,,,,,,
16:00.8,,1.44078958,,,,,,
30:14.6,,0.82452637,,,,,,
14:32.7,,0.791263223,,,,,,
52:39.6,,1.036749959,,,,,,
27:20.4,,0.812692285,,,,,,
11:35.3,,0.680368423,,,,,,
49:48.1,,2.2666471,,,,,,
30:49.2,,1.821500182,,,,,,
25:48.5,,1.601578951,,,,,,
10:06.0,,1.113315821,,,,,,
24:20.3,,0.549437523,,,,,,
08:37.5,,0.624789476,,,,,,
04:13.2,,0.588387132,,,,,,
22:50.3,,1.157842159,,,,,,
07:08.9,,0.780210674,,,,,,
49:46.4,,1.430588245,,,,,,
21:25.8,,0.896300018,,,,,,
30:46.0,,0.693933368,,,,,,
19:52.8,,0.804941237,,,,,,
04:11.2,,0.719210505,,,,,,
50:35.8,,0.804233313,,,,,,
18:24.6,,0.769105315,,,,,,
26:04.2,,0.674709678,,,,,,
01:13.8,,0.547999978,,,,,,
49:47.6,,2.21194458,,,,,,
30:52.1,,3.551200151,,,,,,
15:26.5,,1.805444479,,,,,,
59:45.2,,1.468263268,,,,,,
13:59.0,,2.295473814,,,,,,
58:17.5,,3.821631908,,,,,,
45:41.4,,4.095423222,,,,,,
49:46.4,,0.536800086,,,,,,
11:03.4,,0.719210505,,,,,,
55:21.3,,0.813473701,,,,,,
30:47.9,,0.78700012,,,,,,
09:39.3,,0.833000064,,,,,,
53:53.7,,0.88568759,,,,,,
52:33.6,,1.087571502,,,,,,
08:07.6,,1.650125146,,,,,,
52:24.9,,1.46836853,,,,,,
06:38.9,,1.912368417,,,,,,
50:56.9,,0.891263247,,,,,,
49:46.3,,2.058764696,,,,,,
30:48.3,,1.874353051,,,,,,
05:10.9,,1.340842247,,,,,,
49:28.7,,1.639449835,,,,,,
03:42.3,,1.459722281,,,,,,
48:00.1,,1.260350227,,,,,,
50:37.6,,0.680966735,,,,,,
02:13.8,,2.850316048,,,,,,
46:31.9,,2.489631653,,,,,,
49:46.4,,1.108823657,,,,,,
45:02.9,,1.67373693,,,,,,
30:48.4,,1.256294131,,,,,,
59:16.4,,0.752421081,,,,,,
43:36.8,,0.857466638,,,,,,
50:37.0,,1.798733234,,,,,,
57:49.0,,1.666000128,,,,,,
42:06.1,,0.806500077,,,,,,
56:20.2,,2.239111423,,,,,,
40:38.2,,1.879315853,,,,,,
49:44.6,,0.698117733,,,,,,
30:45.6,,1.083353043,,,,,,
53:23.0,,1.307600021,,,,,,
37:41.1,,1.179999948,,,,,,
25:45.0,,1.66866672,,,,,,
51:57.6,,0.710000038,,,,,,
36:12.0,,0.791315854,,,,,,
49:40.3,,2.032117844,,,,,,
34:50.4,,1.905000091,,,,,,
30:40.5,,1.970055938,,,,,,
48:56.3,,1.862473726,,,,,,
33:14.7,,2.261950254,,,,,,
50:33.5,,2.034700155,,,,,,
31:45.8,,1.041263223,,,,,,
45:59.1,,2.090157986,,,,,,
30:18.1,,3.012277842,,,,,,
49:46.2,,0.745764792,,,,,,
30:47.5,,1.94564724,,,,,,
43:02.5,,1.718052745,,,,,,
27:20.3,,1.518315911,,,,,,
50:38.1,,0.915933311,,,,,,
41:34.1,,1.895894647,,,,,,
25:51.9,,1.657000065,,,,,,
40:06.1,,2.672736883,,,,,,
49:48.6,,1.23777771,,,,,,
24:23.8,,1.457315803,,,,,,
30:50.0,,1.016000032,,,,,,
38:37.5,,2.123526573,,,,,,
53:43.5,,1.851750135,,,,,,
21:27.4,,2.073473692,,,,,,
35:41.0,,2.535900354,,,,,,
19:59.5,,2.395210743,,,,,,
49:47.8,,0.553722143,,,,,,
30:48.9,,0.694333375,,,,,,
34:12.5,,1.091210485,,,,,,
18:30.1,,0.94385004,,,,,,
50:34.4,,0.948300004,,,,,,
31:14.2,,1.435263276,,,,,,
15:35.5,,1.166999936,,,,,,
29:45.6,,1.612526536,,,,,,
14:03.2,,2.31763196,,,,,,
30:42.9,,0.680000067,,,,,,
28:16.5,,1.360200047,,,,,,
12:34.3,,1.497150183,,,,,,
26:47.6,,1.141105294,,,,,,
35:59.3,,0.710655212,,,,,,
11:04.9,,0.77463156,,,,,,
25:19.5,,1.662631631,,,,,,
09:38.6,,1.581533313,,,,,,
49:42.1,,1.04388237,,,,,,
30:41.0,,0.814999998,,,,,,
08:09.5,,0.807894766,,,,,,
22:23.3,,0.807842076,,,,,,
06:41.1,,1.392000079,,,,,,
04:08.7,,0.815645218,,,,,,
20:54.5,,2.080833197,,,,,,
05:04.5,,0.969999969,,,,,,
19:26.1,,1.290166736,,,,,,
03:43.6,,2.206736803,,,,,,
49:44.6,,2.0143888,,,,,,
30:46.4,,2.44282341,,,,,,
02:10.9,,0.69600004,,,,,,
16:31.2,,1.291307688,,,,,,
40:08.8,,0.774516046,,,,,,
15:00.2,,1.773579001,,,,,,
59:18.0,,1.323350191,,,,,,
49:43.5,,0.764117658,,,,,,
30:44.2,,0.739411771,,,,,,
57:50.1,,0.835789502,,,,,,
12:03.3,,1.401947498,,,,,,
56:21.3,,1.397250056,,,,,,
50:34.8,,1.908233404,,,,,,
30:57.3,,1.973772764,,,,,,
54:53.6,,1.921705842,,,,,,
09:05.9,,1.502500176,,,,,,
53:24.0,,0.796789467,,,,,,
49:44.2,,1.008235216,,,,,,
30:46.3,,0.80747062,,,,,,
07:37.4,,0.715666652,,,,,,
51:55.4,,2.373052835,,,,,,
06:08.3,,2.334315777,,,,,,
50:26.5,,3.161368608,,,,,,
49:47.5,,3.150000095,,,,,,
03:16.1,,3.504500151,,,,,,
30:48.8,,2.769058943,,,,,,
01:42.8,,1.47952652,,,,,,
46:01.4,,2.441100359,,,,,,
50:37.3,,1.960466743,,,,,,
00:15.6,,1.772647142,,,,,,
44:32.6,,1.562736869,,,,,,
58:45.5,,1.670722365,,,,,,
43:03.3,,1.60157907,,,,,,
49:46.2,,1.959000111,,,,,,
30:47.2,,1.285588264,,,,,,
57:16.8,,1.502550125,,,,,,
41:35.3,,1.069052577,,,,,,
55:48.9,,1.485105395,,,,,,
40:07.7,,1.348500133,,,,,,
50:36.3,,1.640500188,,,,,,
54:21.8,,2.356421232,,,,,,
38:39.7,,2.543499947,,,,,,
49:46.3,,0.50363642,,,,,,
52:56.7,,0.604333341,,,,,,
30:45.4,,0.45711115,,,,,,
51:24.3,,2.161799908,,,,,,
35:42.2,,3.111315727,,,,,,
40:08.5,,1.324161291,,,,,,
25:04.4,,2.828606129,,,,,,
48:27.5,,1.218100071,,,,,,
32:45.4,,1.862473488,,,,,,
49:42.7,,2.376706123,,,,,,
30:43.3,,1.759562492,,,,,,
46:59.6,,2.397222281,,,,,,
31:17.6,,1.7347368,,,,,,
40:07.0,,0.968451619,,,,,,
44:01.6,,0.835789502,,,,,,
28:20.1,,0.78578949,,,,,,
49:44.4,,1.639055729,,,,,,
42:33.0,,1.862526536,,,,,,
26:51.4,,1.668105364,,,,,,
30:45.9,,1.700625062,,,,,,
41:03.9,,1.945789576,,,,,,
50:32.9,,1.122100115,,,,,,
39:35.6,,0.772153854,,,,,,
23:52.1,,0.630421102,,,,,,
38:05.8,,1.374315858,,,,,,
22:23.8,,0.84684211,,,,,,
49:44.7,,0.976529419,,,,,,
30:45.6,,0.893294156,,,,,,
36:37.4,,0.952315688,,,,,,
20:55.6,,0.941263199,,,,,,
35:09.0,,1.892800093,,,,,,
19:27.1,,2.209350109,,,,,,
36:00.9,,1.357344747,,,,,,
33:40.7,,1.968105078,,,,,,
17:58.3,,0.88026315,,,,,,
49:38.8,,2.73605895,,,,,,
16:29.4,,2.424058914,,,,,,
30:40.7,,2.37805891,,,,,,
50:33.8,,0.648566663,,,,,,
29:14.6,,2.219700098,,,,,,
13:32.8,,2.395263195,,,,,,
27:46.0,,0.674800038,,,,,,
12:04.1,,0.652473629,,,,,,
49:45.0,,1.457235336,,,,,,
30:45.3,,0.684647083,,,,,,
26:17.0,,1.424052835,,,,,,
10:35.5,,1.429684401,,,,,,
24:49.0,,0.952368379,,,,,,
09:07.6,,0.511300027,,,,,,
59:23.4,,0.559357166,,,,,,
23:21.8,,0.57980001,,,,,,
07:39.5,,1.549900055,,,,,,
21:53.8,,3.011368513,,,,,,
06:11.6,,2.950315952,,,,,,
30:47.6,,2.210812569,,,,,,
20:26.3,,1.12152946,,,,,,
04:43.4,,0.797666728,,,,,,
53:52.1,,3.263892889,,,,,,
00:49.3,,1.959363818,,,,,,
03:19.4,,1.613200188,,,,,,
17:27.8,,1.007894754,,,,,,
01:45.3,,1.324315906,,,,,,
49:46.3,,2.198705673,,,,,,
30:49.6,,1.959588408,,,,,,
15:58.0,,2.045705795,,,,,,
00:16.7,,2.112315893,,,,,,
14:29.6,,1.962526441,,,,,,
58:49.8,,2.09453845,,,,,,
50:38.7,,1.805166841,,,,,,
13:02.1,,2.613538504,,,,,,
11:30.9,,0.969052672,,,,,,
49:46.5,,0.66870594,,,,,,
30:48.7,,1.212875128,,,,,,
15:10.9,,2.306578875,,,,,,
54:20.8,,2.783736706,,,,,,
25:45.7,,1.539033294,,,,,,
52:53.9,,3.100235462,,,,,,
07:06.0,,2.572650433,,,,,,
51:24.2,,3.394473791,,,,,,
49:43.1,,2.350555658,,,,,,
30:44.2,,1.208706021,,,,,,
05:37.5,,0.830263197,,,,,,
49:55.6,,2.256684542,,,,,,
04:08.8,,2.228894949,,,,,,
48:27.6,,2.711250305,,,,,,
50:34.5,,2.63933301,,,,,,
02:40.9,,3.112706184,,,,,,
46:57.9,,2.966842175,,,,,,
01:11.0,,1.845947266,,,,,,
45:28.8,,1.479421139,,,,,,
30:49.2,,2.293411732,,,,,,
59:41.7,,1.901315808,,,,,,
43:59.6,,1.013421059,,,,,,
58:14.2,,0.79694736,,,,,,
04:17.5,,1.035774231,,,,,,
42:31.7,,1.063421011,,,,,,
49:51.8,,1.985588312,,,,,,
30:54.7,,3.12225008,,,,,,
39:36.4,,1.263263345,,,,,,
53:49.9,,1.568263173,,,,,,
38:08.6,,1.363157988,,,,,,
31:28.1,,0.716555536,,,,,,
59:35.5,,0.827250004,,,,,,
52:21.9,,0.702631533,,,,,,
36:41.5,,0.450625002,,,,,,
50:53.2,,0.963473678,,,,,,
35:10.6,,0.785842121,,,,,,
49:57.0,,0.583888888,,,,,,
30:57.3,,0.570437551,,,,,,
49:23.5,,1.518368602,,,,,,
33:41.8,,1.790315747,,,,,,
47:54.3,,1.771400094,,,,,,
25:59.5,,2.051433325,,,,,,
25:17.6,,1.902799964,,,,,,
46:26.2,,0.835736871,,,,,,
30:44.2,,2.279000044,,,,,,
44:57.7,,1.268894792,,,,,,
30:58.3,,1.157882333,,,,,,
29:16.2,,0.669315815,,,,,,
43:29.6,,1.69599998,,,,,,
27:47.6,,1.440684319,,,,,,
05:15.3,,0.716416657,,,,,,
51:01.4,,0.553500056,,,,,,
40:32.0,,1.47947371,,,,,,
24:50.2,,1.335315943,,,,,,
49:50.3,,1.18247056,,,,,,
03:51.3,,1.298500061,,,,,,
30:53.1,,1.843666673,,,,,,
39:03.6,,0.741368413,,,,,,
23:21.0,,0.696894705,,,,,,
37:35.1,,1.285421133,,,,,,
21:52.7,,2.467263222,,,,,,
36:06.0,,1.223350048,,,,,,
20:24.1,,1.180052757,,,,,,
49:51.1,,1.935353041,,,,,,
29:43.1,,1.379428744,,,,,,
34:37.4,,1.549950123,,,,,,
18:55.4,,1.19690001,,,,,,
33:08.3,,0.752473712,,,,,,
17:26.4,,2.868200064,,,,,,
42:36.8,,1.274714351,,,,,,
50:42.6,,1.189399958,,,,,,
31:38.9,,1.474000096,,,,,,
15:56.6,,1.446315885,,,,,,
14:25.0,,0.369200021,,,,,,
55:28.1,,0.923500061,,,,,,
28:51.3,,1.308000088,,,,,,
13:01.0,,0.441578954,,,,,,
27:14.7,,2.728263378,,,,,,
11:32.7,,2.056895018,,,,,,
01:44.1,,1.292551756,,,,,,
25:46.0,,2.611684084,,,,,,
10:04.2,,1.518210649,,,,,,
21:09.6,,0.748200059,,,,,,
24:17.5,,0.730368495,,,,,,
31:02.5,,1.025142908,,,,,,
22:49.0,,0.690650105,,,,,,
07:07.4,,0.523000002,,,,,,
34:01.4,,1.293200016,,,,,,
25:06.9,,0.692727327,,,,,,
21:20.2,,0.416888893,,,,,,
05:35.0,,0.393555552,,,,,,
19:52.2,,2.973600149,,,,,,
04:09.8,,3.088555813,,,,,,
46:48.3,,2.339833498,,,,,,
49:36.9,,2.711176634,,,,,,
30:31.4,,3.08388257,,,,,,
18:23.1,,2.023579121,,,,,,
02:41.5,,1.501631737,,,,,,
59:42.3,,1.631571531,,,,,,
01:12.3,,1.21889472,,,,,,
03:41.7,,0.80511117,,,,,,
15:24.9,,1.69599998,,,,,,
59:42.5,,1.528650045,,,,,,
12:33.5,,0.88925004,,,,,,
49:38.7,,0.831833482,,,,,,
13:55.9,,0.632600009,,,,,,
58:12.9,,0.452000022,,,,,,
12:27.2,,1.929052472,,,,,,
56:45.6,,1.160099983,,,,,,
25:27.7,,0.64085722,,,,,,
10:05.9,,0.692724228,,,,,,
10:59.4,,1.252052665,,,,,,
55:17.5,,1.824149847,,,,,,
09:31.4,,2.295631647,,,,,,
38:20.0,,1.596500039,,,,,,
49:17.6,,2.021687508,,,,,,
30:18.2,,1.473176599,,,,,,
08:02.7,,1.740315914,,,,,,
52:21.2,,2.162263393,,,,,,
51:13.2,,1.768714309,,,,,,
06:34.5,,2.767105341,,,,,,
50:52.6,,1.862578988,,,,,,
03:39.8,,2.092032433,,,,,,
05:04.4,,1.03642869,,,,,,
49:23.7,,0.606099963,,,,,,
04:06.4,,1.648750067,,,,,,
49:06.7,,1.538625002,,,,,,
47:54.9,,1.385263205,,,,,,
30:06.6,,1.200611115,,,,,,
02:09.0,,1.940210462,,,,,,
46:26.9,,1.534894824,,,,,,
16:57.1,,1.172000051,,,,,,
35:18.8,,1.211620688,,,,,,
00:41.1,,0.862333417,,,,,,
44:58.3,,0.719157934,,,,,,
59:11.6,,2.123473883,,,,,,
43:29.5,,0.944333375,,,,,,
48:49.6,,0.46282357,,,,,,
29:50.5,,1.217588305,,,,,,
57:42.9,,0.974526346,,,,,,
42:00.7,,1.307500124,,,,,,
42:34.2,,0.816500008,,,,,,
56:13.5,,0.835789502,,,,,,
40:31.2,,1.357684374,,,,,,
03:08.7,,0.756903231,,,,,,
54:42.2,,0.615312457,,,,,,
39:01.0,,1.372166753,,,,,,
55:26.3,,1.602000117,,,,,,
53:14.9,,2.106842279,,,,,,
37:33.4,,1.212700009,,,,,,
29:30.8,,1.650500178,,,,,,
51:43.7,,0.801400006,,,,,,
36:05.1,,0.65257889,,,,,,
29:54.1,,0.590037107,,,,,,
34:36.7,,0.702526391,,,,,,
21:06.5,,1.268428683,,,,,,
48:50.2,,0.946842074,,,,,,
33:08.6,,0.78578943,,,,,,
48:10.2,,0.48931253,,,,,,
47:21.3,,1.08563149,,,,,,
31:39.8,,1.623600006,,,,,,
34:03.1,,0.659800053,,,,,,
45:52.9,,0.648500025,,,,,,
30:11.1,,1.701631665,,,,,,
44:24.3,,1.291052699,,,,,,
28:42.2,,0.968999982,,,,,,
42:56.0,,1.118947387,,,,,,
47:50.6,,0.925176501,,,,,,
28:57.1,,0.46231252,,,,,,
41:20.3,,1.861250043,,,,,,
25:46.2,,0.996600032,,,,,,
24:41.2,,0.660814822,,,,,,
24:17.6,,0.535947323,,,,,,
12:36.5,,0.720500052,,,,,,
38:30.9,,0.602631629,,,,,,
22:48.5,,0.86915791,,,,,,
48:01.6,,0.631823599,,,,,,
29:05.0,,0.546333313,,,,,,
21:19.7,,1.370849967,,,,,,
35:32.2,,1.429684401,,,,,,
19:50.2,,1.479579091,,,,,,
02:28.6,,1.150903225,,,,,,
34:01.9,,0.780333459,,,,,,
18:21.0,,0.613684237,,,,,,
32:34.6,,1.560600042,,,,,,
16:52.6,,1.601578951,,,,,,
29:03.2,,1.50516665,,,,,,
51:03.5,,1.105600119,,,,,,
15:26.0,,0.971437573,,,,,,
29:42.4,,0.795285761,,,,,,
24:43.2,,0.795777857,,,,,,
13:54.1,,1.096666813,,,,,,
03:50.5,,1.726999998,,,,,,
28:10.8,,1.213368416,,,,,,
12:30.6,,2.165199995,,,,,,
28:50.9,,1.379812479,,,,,,
16:38.8,,1.383000016,,,,,,
56:08.3,,2.190687656,,,,,,
25:20.4,,1.99300015,,,,,,
09:30.9,,1.864055395,,,,,,
02:03.8,,2.657925844,,,,,,
23:45.1,,2.223315954,,,,,,
29:30.5,,2.34700036,,,,,,
22:15.2,,0.996736705,,,,,,
06:30.2,,0.856909156,,,,,,
48:07.3,,0.623250008,,,,,,
42:21.3,,2.134833574,,,,,,
20:45.3,,3.463949919,,,,,,
05:03.4,,3.277894974,,,,,,
19:16.7,,2.123421431,,,,,,
12:04.0,,2.033499956,,,,,,
17:48.6,,1.080105305,,,,,,
57:33.7,,0.727458298,,,,,,
48:13.6,,0.722235382,,,,,,
16:26.3,,1.131999969,,,,,,
29:15.2,,1.529866695,,,,,,
00:39.0,,1.357473731,,,,,,
07:59.3,,1.293333411,,,,,,
14:52.3,,2.21784234,,,,,,
59:11.2,,1.457315803,,,,,,
44:48.4,,0.784263194,,,,,,
20:49.8,,2.553333282,,,,,,
57:42.8,,1.923631787,,,,,,
11:56.2,,1.813600302,,,,,,
56:13.9,,1.446210504,,,,,,
48:16.6,,2.022166729,,,,,,
00:48.8,,0.835000038,,,,,,
33:39.7,,0.564333379,,,,,,
08:58.3,,3.188999891,,,,,,
57:58.5,,2.241266966,,,,,,
53:16.9,,2.240105391,,,,,,
46:24.2,,2.144000053,,,,,,
07:29.3,,1.113368511,,,,,,
51:47.3,,1.007947445,,,,,,
19:45.8,,1.471266627,,,,,,
06:00.5,,2.106789827,,,,,,
29:19.7,,2.474117756,,,,,,
04:39.1,,1.080052614,,,,,,
57:54.2,,1.056249976,,,,,,
34:35.2,,1.118827701,,,,,,
12:00.7,,2.144000292,,,,,,
48:19.3,,0.584941268,,,,,,
24:48.3,,2.41320014,,,,,,
00:46.1,,2.508067131,,,,,,
57:55.3,,0.644250095,,,,,,
29:49.2,,0.718518555,,,,,,
19:47.6,,0.776133478,,,,,,
50:28.5,,0.750400066,,,,,,
00:48.0,,0.614714265,,,,,,
03:18.4,,1.307000041,,,,,,
24:11.5,,1.547233582,,,,,,
00:49.9,,1.785357356,,,,,,
28:52.6,,0.867750049,,,,,,
57:55.4,,0.534727335,,,,,,
02:35.9,,0.704483807,,,,,,
41:38.9,,0.393000066,,,,,,
00:47.2,,0.457727253,,,,,,
57:53.7,,1.256933451,,,,,,
45:31.8,,1.320107222,,,,,,
07:08.6,,1.673142791,,,,,,
19:46.3,,1.144199967,,,,,,
00:48.2,,1.177666783,,,,,,
19:54.3,,0.565000057,,,,,,
57:52.8,,1.11740005,,,,,,
00:09.6,,1.226206779,,,,,,
32:42.0,,1.605666637,,,,,,
19:43.8,,1.136062622,,,,,,
00:46.6,,2.750666857,,,,,,
45:27.2,,1.162428617,,,,,,
57:57.8,,0.476666689,,,,,,
29:37.9,,0.621592641,,,,,,
19:44.8,,0.66200006,,,,,,
00:50.2,,0.547538519,,,,,,
11:03.0,,2.523750067,,,,,,
57:59.1,,0.876533389,,,,,,
24:13.1,,0.961300075,,,,,,
23:51.3,,1.753750086,,,,,,
19:44.7,,1.316466689,,,,,,
00:45.3,,0.905533493,,,,,,
36:36.2,,2.058000088,,,,,,
57:54.7,,1.614600062,,,,,,
00:13.5,,1.595172644,,,,,,
49:19.3,,2.673666716,,,,,,
19:49.4,,2.53093338,,,,,,
00:51.6,,1.139642954,,,,,,
02:07.1,,0.585666656,,,,,,
58:00.7,,2.773466825,,,,,,
22:41.6,,2.852083206,,,,,,
14:47.6,,2.912333488,,,,,,
19:54.3,,2.219200134,,,,,,
00:56.4,,2.008200407,,,,,,
27:33.1,,1.840833545,,,,,,
58:04.7,,1.340933323,,,,,,
22:45.5,,1.418416619,,,,,,
40:16.4,,0.550000012,,,,,,
19:57.6,,0.867866695,,,,,,
00:59.7,,2.626066923,,,,,,
53:03.8,,1.715000153,,,,,,
58:07.1,,0.57761538,,,,,,
22:48.2,,1.187916756,,,,,,
19:55.4,,0.746199965,,,,,,
00:56.4,,0.96657151,,,,,,
58:03.4,,1.173785806,,,,,,
22:42.7,,1.196999907,,,,,,
31:22.4,,0.699000061,,,,,,
19:50.2,,2.57066679,,,,,,
00:52.7,,1.873933673,,,,,,
44:02.8,,1.355400085,,,,,,
58:02.0,,0.612333357,,,,,,
22:43.0,,0.688454568,,,,,,
56:46.2,,1.844166756,,,,,,
00:55.6,,0.532636404,,,,,,
09:30.2,,1.749000072,,,,,,
22:11.7,,1.101166606,,,,,,
19:52.8,,0.374800026,,,,,,
00:54.0,,1.485133529,,,,,,
34:55.4,,1.839428663,,,,,,
58:03.4,,0.659800053,,,,,,
22:42.3,,0.477857172,,,,,,
47:49.9,,2.704333544,,,,,,
19:51.3,,0.970933318,,,,,,
00:52.8,,0.898800135,,,,,,
58:02.5,,0.955400109,,,,,,
22:43.9,,0.701545477,,,,,,
19:54.3,,1.57613349,,,,,,
00:55.5,,1.624071717,,,,,,
58:00.8,,2.480000019,,,,,,
22:41.1,,2.615545511,,,,,,
06:55.2,,2.181000233,,,,,,
19:51.7,,2.161999941,,,,,,
00:53.5,,1.946666598,,,,,,
52:14.1,,1.314666748,,,,,,
58:03.1,,0.708600044,,,,,,
22:44.7,,0.976300061,,,,,,
05:02.9,,0.979000032,,,,,,
19:56.9,,2.33825016,,,,,,
00:58.1,,1.964214325,,,,,,
58:05.8,,1.696400046,,,,,,
22:46.7,,1.716166615,,,,,,
30:43.7,,2.018333197,,,,,,
19:56.0,,0.909400105,,,,,,
43:32.6,,1.484500051,,,,,,
00:58.3,,1.355933309,,,,,,
58:07.4,,1.611400008,,,,,,
22:48.3,,1.466666698,,,,,,
19:56.0,,0.924466729,,,,,,
09:15.4,,1.230333447,,,,,,
00:57.4,,1.000466704,,,,,,
22:05.6,,0.981000066,,,,,,
22:45.5,,1.137000084,,,,,,
19:54.0,,2.223333597,,,,,,
00:54.9,,1.775733471,,,,,,
47:49.0,,0.506833375,,,,,,
58:03.5,,0.753666639,,,,,,
22:44.7,,0.820727348,,,,,,
00:37.9,,0.627166688,,,,,,
00:55.6,,0.385500044,,,,,,
58:03.8,,0.71872735,,,,,,
22:45.3,,0.495375037,,,,,,
26:14.7,,0.810142934,,,,,,
19:55.6,,1.614923239,,,,,,
00:56.3,,2.237333059,,,,,,
39:05.2,,0.700666666,,,,,,
58:02.5,,0.546999991,,,,,,
22:42.1,,0.423600018,,,,,,
51:53.2,,0.757250071,,,,,,
19:50.6,,0.453600019,,,,,,
04:42.0,,2.593750238,,,,,,
58:00.0,,1.119199991,,,,,,
22:41.3,,0.688599944,,,,,,
19:50.4,,0.740777731,,,,,,
00:54.0,,0.450000018,,,,,,
30:22.0,,2.036333561,,,,,,
58:00.4,,1.332066894,,,,,,
22:42.1,,1.31308341,,,,,,
43:15.1,,1.218000054,,,,,,
19:51.2,,2.372466564,,,,,,
00:52.9,,2.183066845,,,,,,
56:02.5,,0.930500031,,,,,,
58:00.5,,0.612727344,,,,,,
22:42.5,,0.620400012,,,,,,
08:51.7,,1.173142791,,,,,,
19:56.3,,1.850285769,,,,,,
00:57.7,,2.198999882,,,,,,
21:38.1,,2.601833344,,,,,,
58:08.2,,1.393000126,,,,,,
22:49.4,,1.234272718,,,,,,
19:57.2,,0.148000002,,,,,,
01:02.3,,0.525777817,,,,,,
47:13.7,,1.607166648,,,,,,
58:06.8,,1.866333246,,,,,,
22:47.9,,1.978727341,,,,,,
00:01.9,,0.946200073,,,,,,
19:59.0,,1.085333467,,,,,,
01:00.6,,1.498142958,,,,,,
12:51.5,,1.336333394,,,,,,
58:09.2,,1.389666915,,,,,,
22:50.3,,1.559818149,,,,,,
25:39.5,,1.717857242,,,,,,
19:57.8,,1.854133368,,,,,,
00:59.2,,2.026666641,,,,,,
38:26.9,,1.198600054,,,,,,
58:03.9,,1.661000133,,,,,,
22:45.4,,1.306400061,,,,,,
51:15.6,,0.810333312,,,,,,
19:54.0,,1.583000064,,,,,,
00:55.3,,2.228333473,,,,,,
04:05.7,,1.408000112,,,,,,
58:02.9,,0.596428514,,,,,,
22:44.6,,0.783399999,,,,,,
16:53.2,,1.291500092,,,,,,
19:54.2,,0.898533463,,,,,,
00:56.0,,1.011066675,,,,,,
29:39.0,,0.659500003,,,,,,
58:06.5,,0.508333385,,,,,,
22:46.5,,0.606272757,,,,,,
42:23.4,,1.297714353,,,,,,
19:55.9,,1.13707149,,,,,,
00:57.4,,0.658636332,,,,,,
55:11.7,,1.329166651,,,,,,
57:58.4,,0.431200027,,,,,,
22:42.2,,0.445625007,,,,,,
19:52.0,,0.456428587,,,,,,
00:50.7,,0.546733439,,,,,,
05:18.2,,1.538193464,,,,,,
20:46.8,,0.335000008,,,,,,
57:54.5,,1.454200149,,,,,,
22:34.5,,1.413727283,,,,,,
33:36.0,,0.616333365,,,,,,
19:42.6,,0.961199939,,,,,,
00:44.1,,1.197266817,,,,,,
46:23.1,,1.038166761,,,,,,
57:53.3,,1.282999992,,,,,,
22:35.1,,1.416272759,,,,,,
59:12.7,,1.298666835,,,,,,
19:45.2,,1.422466636,,,,,,
00:46.7,,2.014400005,,,,,,
12:01.5,,2.122666597,,,,,,
57:53.1,,3.037400246,,,,,,
22:34.4,,3.062000275,,,,,,
24:47.2,,2.650000095,,,,,,
19:41.5,,1.600333452,,,,,,
37:32.2,,0.717000067,,,,,,
00:31.5,,1.091750145,,,,,,
09:20.1,,1.986647248,,,,,,
50:16.6,,2.002000093,,,,,,
19:49.1,,0.555500031,,,,,,
00:50.6,,1.718928695,,,,,,
57:58.9,,2.395200014,,,,,,
22:40.0,,2.281000137,,,,,,
19:50.3,,1.736533403,,,,,,
28:39.8,,1.670000076,,,,,,
00:52.4,,2.570133686,,,,,,
41:26.3,,1.826000094,,,,,,
22:44.4,,2.127636433,,,,,,
19:55.7,,1.928799987,,,,,,
00:56.2,,1.987133384,,,,,,
07:01.9,,0.96450007,,,,,,
20:48.4,,1.291500092,,,,,,
19:54.3,,1.46873343,,,,,,
00:54.4,,1.838466883,,,,,,
57:59.8,,1.619666696,,,,,,
22:40.7,,1.800583363,,,,,,
19:49.5,,2.195800066,,,,,,
00:51.6,,1.230800033,,,,,,
58:01.4,,1.296375036,,,,,,
22:43.1,,1.156909108,,,,,,
10:54.0,,1.539166808,,,,,,
19:54.0,,2.447866917,,,,,,
23:39.5,,0.737400055,,,,,,
58:01.5,,0.786937535,,,,,,
22:42.6,,0.663000047,,,,,,
36:32.1,,1.525428653,,,,,,
00:55.2,,0.63500005,,,,,,
49:21.6,,1.605500102,,,,,,
58:00.8,,0.997687578,,,,,,
22:41.9,,0.94416666,,,,,,
02:17.5,,1.647143006,,,,,,
19:49.5,,1.426249981,,,,,,
00:50.5,,1.743125081,,,,,,
15:09.8,,0.739400029,,,,,,
57:54.4,,1.072375059,,,,,,
22:35.4,,1.419166684,,,,,,
19:47.2,,2.747666836,,,,,,
00:49.0,,2.23513341,,,,,,
57:57.2,,2.237062454,,,,,,
22:38.9,,2.393273115,,,,,,
19:46.3,,0.457300037,,,,,,
00:49.1,,1.711799979,,,,,,
57:54.5,,1.322399974,,,,,,
22:35.4,,2.205400229,,,,,,
19:47.3,,1.216133356,,,,,,
00:49.4,,1.722799897,,,,,,
57:58.5,,1.801466584,,,,,,
22:39.5,,1.991727352,,,,,,
45:11.2,,1.596428752,,,,,,
03:38.5,,1.065937519,,,,,,
00:52.6,,2.164928675,,,,,,
58:03.9,,1.704142928,,,,,,
57:59.5,,0.539800048,,,,,,
10:56.9,,2.395166636,,,,,,
09:50.4,,1.749863744,,,,,,
00:53.4,,1.084714293,,,,,,
58:00.6,,1.229933381,,,,,,
22:41.6,,0.901363611,,,,,,
36:42.4,,2.15079999,,,,,,
19:51.4,,1.195466757,,,,,,
00:53.0,,1.209400177,,,,,,
49:34.9,,1.293200016,,,,,,
57:59.9,,1.79306674,,,,,,
22:40.9,,2.272181749,,,,,,
02:25.5,,0.791428626,,,,,,
19:49.1,,2.166800261,,,,,,
00:50.4,,1.511600018,,,,,,
15:15.4,,0.720499992,,,,,,
57:55.1,,0.623466671,,,,,,
22:36.0,,1.443818212,,,,,,
28:08.8,,0.558833361,,,,,,
19:46.1,,0.535333395,,,,,,
00:45.3,,0.384375006,,,,,,
41:03.1,,1.977000237,,,,,,
57:53.8,,0.441166669,,,,,,
22:35.4,,0.579375029,,,,,,
53:58.0,,1.582166791,,,,,,
03:33.0,,2.67568779,,,,,,
00:46.2,,1.83280015,,,,,,
06:51.3,,1.582000017,,,,,,
57:50.9,,1.011642933,,,,,,
22:32.3,,0.979272842,,,,,,
19:39.8,,0.509500027,,,,,,
00:45.4,,1.063466668,,,,,,
57:53.2,,1.450000048,,,,,,
22:34.7,,1.28454566,,,,,,
19:44.7,,2.018000364,,,,,,
00:46.0,,2.487267017,,,,,,
57:52.4,,0.971733332,,,,,,
22:33.4,,1.074818134,,,,,,
19:46.0,,0.873666704,,,,,,
00:46.2,,1.640666842,,,,,,
57:54.9,,2.624214649,,,,,,
22:36.1,,2.561818123,,,,,,
19:45.2,,2.629333496,,,,,,
00:46.2,,0.877714276,,,,,,
57:52.4,,1.829266787,,,,,,
22:33.8,,1.759636402,,,,,,
19:44.0,,1.647466421,,,,,,
00:45.9,,1.703266859,,,,,,
28:46.3,,1.538250089,,,,,,
57:54.0,,1.905533433,,,,,,
22:35.4,,1.938818097,,,,,,
41:41.0,,1.828428626,,,,,,
19:45.3,,1.955733538,,,,,,
00:47.1,,2.079666853,,,,,,
54:34.6,,1.824500084,,,,,,
57:54.6,,2.043066978,,,,,,
27:53.9,,1.981882453,,,,,,
45:03.3,,1.908421366,,,,,,
29:21.0,,1.762800217,,,,,,
07:29.2,,1.468571544,,,,,,
19:46.0,,1.93473351,,,,,,
00:47.7,,1.275333405,,,,,,
27:53.0,,0.935952323,,,,,,
42:06.3,,1.971900368,,,,,,
26:24.8,,0.761999989,,,,,,
20:24.0,,0.442000031,,,,,,
57:55.0,,0.563857198,,,,,,
27:53.0,,0.665499985,,,,,,
40:38.4,,1.600399971,,,,,,
24:55.9,,1.796150208,,,,,,
33:14.9,,1.09920001,,,,,,
23:28.0,,2.427500153,,,,,,
00:45.2,,1.386066794,,,,,,
37:41.0,,1.752250099,,,,,,
21:58.7,,1.675400162,,,,,,
36:13.1,,1.187800026,,,,,,
27:51.2,,0.999353051,,,,,,
30:51.0,,0.995666786,,,,,,
34:49.1,,0.920307673,,,,,,
19:03.6,,1.279761996,,,,,,
19:42.2,,1.060599923,,,,,,
00:44.1,,3.227133512,,,,,,
17:35.2,,1.940850067,,,,,,
31:49.1,,1.181099987,,,,,,
16:07.3,,0.751250029,,,,,,
57:52.2,,2.34433341,,,,,,
22:33.6,,2.377636194,,,,,,
30:21.5,,1.3739501,,,,,,
14:39.4,,2.135600281,,,,,,
28:52.9,,1.206400108,,,,,,
13:10.9,,1.650904701,,,,,,
19:42.1,,1.223933458,,,,,,
00:42.9,,1.261857152,,,,,,
27:24.7,,0.601850033,,,,,,
11:42.4,,0.718099976,,,,,,
25:55.8,,1.039900017,,,,,,
57:49.5,,0.729866683,,,,,,
10:13.3,,0.754894708,,,,,,
24:27.1,,0.634833336,,,,,,
08:44.8,,0.41600003,,,,,,
19:41.7,,1.037866712,,,,,,
22:58.3,,1.022400093,,,,,,
00:43.6,,1.104400158,,,,,,
19:07.1,,0.825120087,,,,,,
21:30.9,,0.848125041,,,,,,
05:47.5,,0.49015793,,,,,,
57:55.0,,0.343000025,,,,,,
22:33.1,,1.07918191,,,,,,
20:00.6,,1.059500027,,,,,,
04:18.9,,1.253999996,,,,,,
18:32.0,,0.486937493,,,,,,
37:48.0,,1.774761927,,,,,,
19:41.5,,1.820333362,,,,,,
00:43.1,,1.464599967,,,,,,
17:04.9,,3.638158296,,,,,,
01:22.8,,1.779700089,,,,,,
00:34.1,,0.655950069,,,,,,
59:55.2,,0.485687524,,,,,,
22:27.3,,0.685799956,,,,,,
14:08.5,,2.22395252,,,,,,
30:47.8,,2.152304608,,,,,,
19:41.5,,0.917800009,,,,,,
12:42.9,,0.462500016,,,,,,
00:39.7,,0.504000008,,,,,,
11:51.7,,0.540950012,,,,,,
11:14.0,,0.789071492,,,,,,
55:30.4,,1.05340004,,,,,,
57:52.0,,1.655066609,,,,,,
22:33.4,,1.426727414,,,,,,
09:44.1,,1.50445013,,,,,,
54:02.0,,0.886899948,,,,,,
08:15.4,,1.065149975,,,,,,
52:33.0,,1.15114994,,,,,,
19:42.1,,1.326800108,,,,,,
00:43.6,,2.589666843,,,,,,
06:46.4,,2.272250175,,,,,,
51:04.4,,2.389050293,,,,,,
05:17.4,,0.774550009,,,,,,
49:35.3,,0.918950081,,,,,,
22:29.9,,1.450916767,,,,,,
03:48.5,,2.033949852,,,,,,
48:06.7,,1.523714338,,,,,,
19:40.9,,1.021933317,,,,,,
02:19.4,,1.415950012,,,,,,
00:43.0,,1.501600027,,,,,,
00:50.1,,1.698250008,,,,,,
20:05.6,,2.499571482,,,,,,
57:51.9,,2.081666708,,,,,,
22:33.3,,2.123454332,,,,,,
59:22.2,,1.645526484,,,,,,
43:39.9,,1.199300098,,,,,,
57:53.7,,0.669000053,,,,,,
42:12.4,,0.468666712,,,,,,
19:43.4,,1.85373342,,,,,,
00:45.3,,1.219357252,,,,,,
56:25.7,,2.348500061,,,,,,
40:44.3,,1.557700062,,,,,,
54:58.0,,1.534950066,,,,,,
39:16.0,,1.413000016,,,,,,
57:53.7,,0.915000021,,,,,,
22:35.1,,0.800545454,,,,,,
53:29.4,,1.046700096,,,,,,
37:47.7,,1.073799992,,,,,,
19:45.9,,0.536363661,,,,,,
36:19.6,,0.60085719,,,,,,
00:45.6,,1.243066669,,,,,,
50:32.6,,2.23655014,,,,,,
34:50.5,,1.328800106,,,,,,
57:52.8,,1.012533307,,,,,,
22:34.5,,1.614100099,,,,,,
49:04.0,,1.907450104,,,,,,
33:22.0,,1.61135006,,,,,,
47:35.5,,2.265450287,,,,,,
31:53.7,,2.865050125,,,,,,
19:43.4,,2.063266993,,,,,,
00:45.1,,1.779666662,,,,,,
46:06.6,,1.508300018,,,,,,
30:25.1,,1.284380958,,,,,,
44:37.8,,2.301849747,,,,,,
28:56.2,,1.125650024,,,,,,
57:52.0,,0.588066697,,,,,,
22:33.4,,0.723090947,,,,,,
43:09.3,,1.087650013,,,,,,
27:27.9,,0.711000061,,,,,,
41:41.3,,0.681100035,,,,,,
26:00.0,,0.576789505,,,,,,
00:42.3,,0.622285783,,,,,,
40:13.2,,1.800049973,,,,,,
24:31.4,,1.067200089,,,,,,
57:47.0,,0.667533338,,,,,,
22:27.9,,0.775666654,,,,,,
38:45.2,,0.786650038,,,,,,
23:03.4,,1.168000031,,,,,,
37:17.0,,0.701250029,,,,,,
21:35.2,,1.648450279,,,,,,
00:39.2,,0.356000036,,,,,,
35:48.7,,1.16685009,,,,,,
20:06.6,,2.528150177,,,,,,
34:20.5,,1.435762042,,,,,,
53:35.9,,1.889571599,,,,,,
57:47.2,,2.045866728,,,,,,
22:28.7,,2.266181946,,,,,,
32:52.2,,1.462450027,,,,,,
17:09.6,,1.977750015,,,,,,
06:54.0,,0.74782612,,,,,,
19:38.9,,0.49120003,,,,,,
15:41.8,,1.057692308,,,,,,
00:38.8,,0.730933309,,,,,,
29:54.0,,1.321619215,,,,,,
14:12.1,,0.819052696,,,,,,
57:43.6,,1.410071373,,,,,,
22:25.5,,1.708272934,,,,,,
12:43.0,,1.34014284,,,,,,
26:55.8,,2.037999916,,,,,,
20:29.8,,1.446260867,,,,,,
19:35.5,,0.396200031,,,,,,
00:40.3,,0.492625028,,,,,,
25:29.4,,0.695133464,,,,,,
09:46.1,,0.695750046,,,,,,
24:00.3,,0.97045002,,,,,,
08:18.5,,0.819350052,,,,,,
22:32.5,,1.192499924,,,,,,
06:50.4,,1.325350094,,,,,,
21:04.7,,2.246190752,,,,,,
19:36.5,,1.214538455,,,,,,
00:38.5,,0.949499965,,,,,,
19:36.8,,1.018500137,,,,,,
03:55.2,,0.893650055,,,,,,
18:08.5,,0.748450041,,,,,,
22:25.4,,0.510833323,,,,,,
02:26.3,,0.432764698,,,,,,
16:39.9,,0.800550079,,,,,,
00:57.7,,1.070850086,,,,,,
19:36.0,,1.473333359,,,,,,
00:37.9,,0.660333395,,,,,,
29:55.2,,1.23770841,,,,,,
59:33.9,,1.278428759,,,,,,
13:42.1,,3.010700035,,,,,,
12:52.9,,3.230217643,,,,,,
57:46.1,,1.458666921,,,,,,
22:27.6,,1.432272792,,,,,,
14:41.8,,2.809111277,,,,,,
56:31.9,,2.222105327,,,,,,
31:06.8,,1.501045574,,,,,,
55:02.9,,2.359444512,,,,,,
00:37.6,,0.998600066,,,,,,
09:14.9,,1.719800186,,,,,,
53:32.9,,1.611600113,,,,,,
07:46.7,,1.375800037,,,,,,
22:24.7,,0.864272833,,,,,,
06:18.4,,1.810149956,,,,,,
50:37.0,,1.367857252,,,,,,
19:35.1,,1.465928674,,,,,,
00:36.4,,1.886133552,,,,,,
49:08.8,,1.062749958,,,,,,
03:21.8,,1.031100082,,,,,,
47:40.1,,0.494999992,,,,,,
57:43.5,,0.964400172,,,,,,
22:25.3,,0.601300001,,,,,,
01:53.5,,0.586149979,,,,,,
46:12.1,,1.120250034,,,,,,
00:25.0,,2.009000206,,,,,,
44:43.0,,2.024000168,,,,,,
19:34.4,,2.766400099,,,,,,
00:35.9,,1.625000119,,,,,,
58:56.2,,3.261000061,,,,,,
43:14.5,,2.121900177,,,,,,
57:27.4,,1.62935009,,,,,,
57:42.9,,2.904800177,,,,,,
41:45.5,,2.763428643,,,,,,
55:58.4,,1.851199913,,,,,,
40:16.4,,1.329750061,,,,,,
08:43.7,,1.944687605,,,,,,
19:34.9,,1.378428578,,,,,,
54:29.3,,2.392300034,,,,,,
00:36.8,,2.775533438,,,,,,
38:47.3,,2.887300301,,,,,,
53:01.2,,1.373650074,,,,,,
37:19.4,,1.964050102,,,,,,
57:45.2,,1.781333447,,,,,,
22:26.6,,1.411727309,,,,,,
05:44.3,,1.237111198,,,,,,
51:33.5,,1.594900036,,,,,,
35:51.7,,1.277399921,,,,,,
43:46.9,,0.554117652,,,,,,
50:05.3,,0.988899994,,,,,,
34:23.6,,1.447599983,,,,,,
19:35.7,,0.820200026,,,,,,
00:37.3,,2.045599937,,,,,,
48:37.0,,2.592550087,,,,,,
32:55.3,,1.266285851,,,,,,
43:16.7,,0.984235315,,,,,,
47:08.6,,1.186000061,,,,,,
57:43.9,,0.896733344,,,,,,
22:25.3,,1.047000051,,,,,,
18:44.4,,1.168181853,,,,,,
45:45.3,,0.963100052,,,,,,
47:36.7,,0.95800027,,,,,,
19:32.2,,0.778333426,,,,,,
44:12.7,,0.939333386,,,,,,
00:33.4,,2.542400122,,,,,,
03:09.4,,2.115947523,,,,,,
27:01.0,,1.365450096,,,,,,
57:37.3,,1.391133428,,,,,,
22:18.2,,1.565333486,,,,,,
03:22.8,,2.790375137,,,,,,
39:44.6,,1.404300022,,,,,,
24:03.0,,1.033750153,,,,,,
53:13.1,,0.55726668,,,,,,
38:15.9,,1.739550018,,,,,,
37:26.9,,1.166000034,,,,,,
59:55.4,,0.772875071,,,,,,
36:49.8,,0.658294117,,,,,,
21:06.5,,1.691750145,,,,,,
22:50.1,,1.189409256,,,,,,
08:10.8,,0.605757594,,,,,,
19:39.6,,0.983800062,,,,,,
08:33.2,,0.549538466,,,,,,
06:04.2,,0.624647084,,,,,,
33:52.2,,1.10180006,,,,,,
18:10.4,,0.687500048,,,,,,
17:21.4,,0.413923117,,,,,,
16:42.6,,0.928631632,,,,,,
30:55.5,,1.179550076,,,,,,
05:28.4,,0.556705924,,,,,,
43:24.2,,0.243214301,,,,,,
29:27.1,,0.597000027,,,,,,
13:45.3,,0.61873697,,,,,,
12:30.2,,1.327357173,,,,,,
27:58.5,,1.176350117,,,,,,
12:16.7,,1.452761877,,,,,,
26:29.8,,1.733049965,,,,,,
10:47.8,,1.940950012,,,,,,
18:24.3,,2.937555525,,,,,,
25:00.9,,0.852300072,,,,,,
44:16.2,,0.920750046,,,,,,
48:12.0,,0.421714276,,,,,,
07:50.2,,0.621388912,,,,,,
17:48.6,,0.911055565,,,,,,
15:17.4,,1.777500033,,,,,,
55:56.1,,0.74542863,,,,,,
53:25.4,,0.550000022,,,,,,
38:24.1,,1.944325986,,,,,,
04:55.0,,1.684571539,,,,,,
16:38.9,,1.301846266,,,,,,
03:24.7,,0.568624973,,,,,,
52:50.8,,0.28021431,,,,,,
17:38.3,,1.112349987,,,,,,
01:56.6,,1.657380967,,,,,,
16:10.1,,3.431450272,,,,,,
00:28.4,,3.342619033,,,,,,
14:41.6,,0.588000059,,,,,,
13:48.9,,1.530599976,,,,,,
27:54.8,,0.295352964,,,,,,
13:15.3,,2.54953359,,,,,,
05:53.6,,2.453882554,,,,,,
26:51.6,,1.73819685,,,,,,
11:43.8,,1.319300175,,,,,,
28:23.0,,1.574666659,,,,,,
15:11.1,,2.285166634,,,,,,
54:34.4,,2.54388894,,,,,,
05:24.7,,2.526722378,,,,,,
02:58.2,,2.222117705,,,,,,
08:45.8,,1.320800018,,,,,,
53:03.8,,0.914150047,,,,,,
07:18.0,,0.503388935,,,,,,
51:36.7,,0.616549969,,,,,,
05:49.9,,1.242850113,,,,,,
50:08.2,,0.862523851,,,,,,
18:26.1,,1.043055534,,,,,,
04:21.8,,2.157799911,,,,,,
48:40.1,,2.236050034,,,,,,
15:25.8,,1.784983516,,,,,,
02:53.5,,1.165700054,,,,,,
47:11.5,,0.83390007,,,,,,
01:25.2,,1.759250069,,,,,,
15:21.6,,2.264222039,,,,,,
45:43.1,,2.263400269,,,,,,
53:17.5,,0.603058871,,,,,,
59:56.4,,0.798400068,,,,,,
44:14.7,,1.395150089,,,,,,
58:27.5,,2.038899803,,,,,,
17:43.5,,2.538618905,,,,,,
52:50.8,,0.188285708,,,,,,
56:58.9,,1.131210528,,,,,,
16:03.6,,1.092233419,,,,,,
28:17.9,,1.235823687,,,,,,
40:26.7,,2.269143059,,,,,,
39:48.1,,2.412842198,,,,,,
54:00.6,,1.961700058,,,,,,
38:19.1,,2.866350174,,,,,,
27:43.9,,2.118411793,,,,,,
52:32.7,,1.250400162,,,,,,
36:51.0,,2.166149902,,,,,,
05:47.6,,1.627611266,,,,,,
03:16.6,,1.740625143,,,,,,
36:02.1,,1.304333369,,,,,,
35:23.4,,1.502200031,,,,,,
34:32.6,,1.600693822,,,,,,
49:36.0,,0.39633335,,,,,,
33:54.2,,0.865809577,,,,,,
02:45.9,,0.432588269,,,,,,
33:04.7,,1.320600033,,,,,,
42:20.5,,0.782294161,,,,,,
46:39.0,,2.35294448,,,,,,
30:56.0,,1.576350117,,,,,,
45:09.4,,1.248950005,,,,,,
55:48.1,,1.383615494,,,,,,
37:50.1,,1.572611067,,,,,,
43:44.8,,1.152714457,,,,,,
28:00.5,,1.181449986,,,,,,
42:13.6,,1.316649914,,,,,,
26:32.1,,0.937749958,,,,,,
05:46.1,,1.247193575,,,,,,
40:45.1,,1.490950012,,,,,,
25:03.1,,0.894000053,,,,,,
15:24.3,,1.309000127,,,,,,
53:26.4,,0.210384626,,,,,,
39:16.1,,0.580850077,,,,,,
51:00.9,,0.42072222,,,,,,
37:47.6,,1.452300167,,,,,,
22:05.8,,1.89335022,,,,,,
36:20.1,,1.206500244,,,,,,
20:38.6,,2.030500221,,,,,,
50:32.5,,2.102722592,,,,,,
28:37.7,,0.363124996,,,,,,
34:52.2,,0.651500013,,,,,,
19:10.6,,0.367461535,,,,,,
09:53.9,,0.492666721,,,,,,
33:24.3,,0.664950085,,,,,,
17:42.4,,1.011100006,,,,,,
31:55.7,,1.101100063,,,,,,
16:13.7,,0.850550079,,,,,,
03:35.7,,2.28076486,,,,,,
30:27.2,,1.043800068,,,,,,
14:44.6,,0.612750053,,,,,,
03:05.0,,0.531950057,,,,,,
16:27.9,,1.573347838,,,,,,
13:17.5,,1.254750133,,,,,,
03:02.7,,0.769111209,,,,,,
27:29.0,,1.804300117,,,,,,
00:32.0,,2.214428765,,,,,,
11:47.0,,1.768476395,,,,,,
41:06.0,,0.547749996,,,,,,
38:32.8,,0.646722211,,,,,,
12:35.0,,1.444656372,,,,,,
10:23.9,,1.078875065,,,,,,
24:32.5,,1.447400093,,,,,,
08:50.7,,2.315450096,,,,,,
38:00.1,,2.747777939,,,,,,
23:04.1,,2.253350067,,,,,,
07:22.4,,2.459237962,,,,,,
16:01.4,,1.735764784,,,,,,
21:35.7,,1.235650063,,,,,,
17:45.3,,1.088080063,,,,,,
20:09.3,,1.363749981,,,,,,
04:26.0,,1.093949986,,,,,,
12:56.1,,0.509117687,,,,,,
18:38.7,,1.526500034,,,,,,
02:57.1,,0.913750172,,,,,,
50:59.2,,1.722389115,,,,,,
17:09.9,,1.366800117,,,,,,
01:28.5,,1.523750019,,,,,,
15:40.8,,2.033450317,,,,,,
59:58.5,,2.188100052,,,,,,
50:20.4,,2.455647188,,,,,,
47:54.2,,2.115706051,,,,,,
14:12.4,,2.520900154,,,,,,
58:30.5,,2.045999908,,,,,,
00:14.3,,1.121000041,,,,,,
57:04.1,,0.91758829,,,,,,
56:13.8,,1.165761948,,,,,,
55:34.7,,1.081000077,,,,,,
25:20.0,,1.47966671,,,,,,
03:18.5,,2.678055657,,,,,,
09:47.9,,1.823600197,,,,,,
54:06.1,,1.460349941,,,,,,
08:18.4,,2.914950371,,,,,,
52:36.7,,2.42650032,,,,,,
06:49.7,,2.241799927,,,,,,
51:08.1,,2.034750366,,,,,,
00:19.9,,1.44011116,,,,,,
38:21.9,,2.032941257,,,,,,
05:20.5,,1.37954998,,,,,,
49:38.8,,0.880842108,,,,,,
48:49.1,,0.936476208,,,,,,
48:10.9,,0.833736922,,,,,,
37:50.2,,1.381999969,,,,,,
46:42.3,,1.066349983,,,,,,
35:19.3,,0.964277691,,,,,,
00:55.9,,1.091450024,,,,,,
45:14.4,,1.109050083,,,,,,
59:27.8,,1.639050102,,,,,,
43:46.0,,1.883904593,,,,,,
12:44.5,,1.682529562,,,,,,
42:17.6,,0.825285775,,,,,,
50:40.2,,0.569444497,,,,,,
48:10.7,,0.517785754,,,,,,
56:30.5,,0.820315813,,,,,,
15:46.0,,0.646450043,,,,,,
55:01.8,,2.875684437,,,,,,
39:19.1,,2.30775013,,,,,,
47:40.1,,0.768142905,,,,,,
53:32.1,,1.155600071,,,,,,
37:49.7,,1.589450073,,,,,,
48:24.2,,1.908347918,,,,,,
52:02.7,,1.006950092,,,,,,
36:21.3,,2.581799889,,,,,,
50:35.3,,0.71510005,,,,,,
34:53.5,,0.549277782,,,,,,
22:36.0,,0.855230772,,,,,,
49:07.6,,1.187200165,,,,,,
33:25.8,,2.581299973,,,,,,
00:35.2,,2.052823684,,,,,,
47:39.7,,0.572000102,,,,,,
31:58.4,,0.64905267,,,,,,
46:11.2,,1.582250118,,,,,,
30:29.3,,0.781649971,,,,,,
59:47.8,,0.143933328,,,,,,
44:42.7,,1.718200111,,,,,,
29:00.8,,2.1770998,,,,,,
35:20.9,,2.591294233,,,,,,
43:14.2,,0.498055564,,,,,,
04:39.8,,1.852600098,,,,,,
26:05.2,,1.786750031,,,,,,
34:37.8,,1.61255561,,,,,,
12:30.7,,0.856000059,,,,,,
24:36.7,,0.728149986,,,,,,
38:50.1,,1.578050041,,,,,,
23:08.2,,1.850100136,,,,,,
37:21.9,,1.145850086,,,,,,
21:40.1,,1.128450108,,,,,,
09:29.2,,1.054722256,,,,,,
47:29.6,,1.709823608,,,,,,
35:53.0,,1.615350151,,,,,,
38:42.7,,2.581346365,,,,,,
34:28.0,,0.881307675,,,,,,
18:42.5,,0.777777778,,,,,,
46:51.0,,1.056000092,,,,,,
17:15.0,,1.191411748,,,,,,
24:57.8,,3.161571503,,,,,,
22:26.0,,2.289000118,,,,,,
31:26.8,,2.406450272,,,,,,
30:34.6,,2.199960175,,,,,,
47:46.8,,1.660437584,,,,,,
14:18.2,,1.682526337,,,,,,
21:46.4,,1.102333281,,,,,,
10:19.5,,1.369222429,,,,,,
59:44.1,,1.089941249,,,,,,
43:00.4,,2.970515396,,,,,,
25:34.0,,0.448375046,,,,,,
09:52.0,,0.612437546,,,,,,
56:45.3,,2.255222532,,,,,,
24:05.2,,2.572300148,,,,,,
08:23.6,,2.771809714,,,,,,
34:42.2,,2.126000298,,,,,,
22:36.2,,2.981350136,,,,,,
06:54.4,,2.376762027,,,,,,
21:07.4,,1.439050198,,,,,,
05:25.4,,1.0927001,,,,,,
34:08.0,,1.463235406,,,,,,
31:41.3,,2.590777927,,,,,,
19:39.7,,2.250349808,,,,,,
03:57.8,,2.57820015,,,,,,
09:42.2,,2.284411935,,,,,,
18:11.7,,2.253350258,,,,,,
02:29.9,,1.969400024,,,,,,
16:43.7,,0.47869997,,,,,,
01:01.9,,0.761300039,,,,,,
09:03.3,,1.472764744,,,,,,
15:15.4,,0.68739996,,,,,,
59:33.9,,0.951399994,,,,,,
13:46.7,,1.927299881,,,,,,
58:05.0,,3.549700165,,,,,,
12:17.8,,2.361300087,,,,,,
56:36.0,,1.903750229,,,,,,
43:55.0,,0.886352988,,,,,,
21:52.8,,2.286647348,,,,,,
10:48.6,,2.367100143,,,,,,
55:07.0,,2.272450256,,,,,,
09:19.4,,1.060750008,,,,,,
53:37.7,,0.738100004,,,,,,
07:50.9,,0.879349995,,,,,,
21:20.9,,1.040374994,,,,,,
18:49.9,,0.56181252,,,,,,
56:46.9,,1.413117689,,,,,,
06:23.4,,1.645899963,,,,,,
50:41.6,,1.422200108,,,,,,
04:55.5,,3.229949951,,,,,,
03:27.2,,0.569666757,,,,,,
47:45.9,,0.599750042,,,,,,
34:17.1,,0.473300028,,,,,,
31:43.2,,0.58662504,,,,,,
01:58.8,,0.901049995,,,,,,
46:17.1,,0.51712501,,,,,,
00:30.2,,1.028499985,,,,,,
44:48.5,,1.189381009,,,,,,
31:08.1,,0.617555565,,,,,,
43:19.8,,1.413150024,,,,,,
09:11.1,,1.959647235,,,,,,
57:32.5,,0.811700058,,,,,,
41:50.7,,1.134049988,,,,,,
56:04.6,,1.460047858,,,,,,
40:22.9,,1.080333256,,,,,,
06:10.4,,1.200705921,,,,,,
54:36.9,,1.03685706,,,,,,
38:55.0,,0.744600105,,,,,,
44:08.3,,0.417941234,,,,,,
53:08.3,,0.567350006,,,,,,
37:26.4,,0.836894738,,,,,,
51:40.3,,1.582476298,,,,,,
35:58.2,,0.817800045,,,,,,
43:42.9,,1.511333466,,,,,,
50:11.6,,0.639374971,,,,,,
21:43.8,,0.472562522,,,,,,
19:17.0,,2.368000255,,,,,,
48:43.3,,1.429300022,,,,,,
33:01.5,,1.10276195,,,,,,
47:15.6,,0.604999994,,,,,,
31:33.9,,0.433857134,,,,,,
18:47.4,,0.351058848,,,,,,
45:47.6,,1.858952477,,,,,,
56:51.5,,1.719294155,,,,,,
30:05.6,,2.012285868,,,,,,
44:19.2,,0.779650068,,,,,,
28:37.1,,0.957619077,,,,,,
42:50.9,,2.022700119,,,,,,
27:08.7,,1.353750038,,,,,,
53:50.8,,1.504000028,,,,,,
31:51.6,,1.485529507,,,,,,
25:40.4,,1.324349976,,,,,,
39:53.6,,1.302149963,,,,,,
24:11.4,,1.133250046,,,,,,
38:24.5,,1.566200256,,,,,,
31:17.4,,2.444555918,,,,,,
37:32.3,,2.465080109,,,,,,
09:21.8,,4.051666896,,,,,,
06:48.8,,3.33777788,,,,,,
48:01.6,,2.248350143,,,,,,
21:18.0,,2.178800201,,,,,,
35:28.7,,1.687549973,,,,,,
19:47.4,,1.208150101,,,,,,
34:00.6,,1.597799969,,,,,,
18:19.1,,1.778900146,,,,,,
44:18.6,,2.273999956,,,,,,
47:16.2,,2.839933523,,,,,,
16:55.1,,3.302300262,,,,,,
51:25.4,,1.9667726,,,,,,
15:21.7,,1.495222304,,,,,,
41:17.2,,0.761888928,,,,,,
13:52.3,,0.558235281,,,,,,
19:20.1,,0.425823548,,,,,,
28:07.0,,1.964150047,,,,,,
12:25.4,,2.160400009,,,,,,
26:39.3,,2.247700119,,,,,,
10:57.6,,1.978750038,,,,,,
18:43.1,,1.440470639,,,,,,
16:17.1,,2.046470642,,,,,,
39:55.6,,1.988066737,,,,,,
09:34.6,,1.594700146,,,,,,
54:16.3,,1.483444532,,,,,,
44:05.2,,1.949000272,,,,,,
08:01.7,,3.574210719,,,,,,
22:13.6,,2.182349777,,,,,,
06:31.8,,1.101450157,,,,,,
53:45.9,,0.927529447,,,,,,
20:44.8,,1.520350075,,,,,,
05:02.6,,2.187571571,,,,,,
31:44.9,,2.145882326,,,,,,
19:14.8,,0.811588287,,,,,,
03:33.2,,1.021904809,,,,,,
17:47.1,,1.434800053,,,,,,
02:05.7,,0.991100025,,,,,,
28:51.1,,1.042353013,,,,,,
16:19.6,,1.282650089,,,,,,
06:54.5,,1.284706004,,,,,,
14:51.9,,2.586250305,,,,,,
59:10.4,,2.926333654,,,,,,
13:24.0,,1.547150135,,,,,,
57:42.6,,0.635473703,,,,,,
06:27.6,,1.209142957,,,,,,
03:56.2,,1.543588302,,,,,,
11:55.8,,0.567631671,,,,,,
41:59.4,,0.532411744,,,,,,
56:14.0,,2.226999919,,,,,,
31:17.4,,1.421000061,,,,,,
54:48.3,,0.899199931,,,,,,
08:58.7,,0.915000057,,,,,,
53:16.7,,0.495388879,,,,,,
19:23.1,,1.80883344,,,,,,
16:55.1,,1.011071478,,,,,,
07:29.9,,0.906150055,,,,,,
51:48.0,,0.848476228,,,,,,
06:00.7,,1.448250103,,,,,,
50:18.7,,1.078800106,,,,,,
04:31.1,,1.053100014,,,,,,
16:29.5,,0.930555556,,,,,,
54:27.1,,1.969823725,,,,,,
48:01.1,,1.003571374,,,,,,
47:22.8,,0.754473787,,,,,,
01:35.6,,1.239449978,,,,,,
45:54.4,,1.036950016,,,,,,
00:07.3,,1.101400089,,,,,,
44:26.0,,0.591600037,,,,,,
29:26.4,,0.846555604,,,,,,
58:38.7,,0.991299915,,,,,,
42:56.8,,1.322900009,,,,,,
57:10.0,,0.826950073,,,,,,
41:27.9,,0.798450041,,,,,,
20:06.2,,0.865235329,,,,,,
55:41.3,,0.806950092,,,,,,
40:00.1,,0.537777795,,,,,,
06:45.9,,0.262833357,,,,,,
04:16.6,,0.201499999,,,,,,
39:11.8,,1.066762016,,,,,,
48:27.5,,0.903666633,,,,,,
52:47.4,,2.060111364,,,,,,
37:04.5,,1.652500153,,,,,,
03:39.1,,2.244722366,,,,,,
51:18.1,,0.989200115,,,,,,
41:37.2,,1.008166737,,,,,,
45:55.8,,1.009407538,,,,,,
49:53.7,,1.887461736,,,,,,
34:08.5,,1.485900116,,,,,,
48:21.6,,1.064900017,,,,,,
32:39.9,,1.125250053,,,,,,
38:39.7,,1.858000138,,,,,,
46:52.7,,2.424949837,,,,,,
16:37.9,,2.475000045,,,,,,
30:20.9,,0.626850033,,,,,,
29:42.3,,0.505142859,,,,,,
04:16.4,,1.278500123,,,,,,
28:12.8,,0.591909148,,,,,,
03:53.9,,0.355526322,,,,,,
13:38.7,,0.988399982,,,,,,
54:15.9,,2.772000074,,,,,,
42:26.5,,3.144449997,,,,,,
26:45.1,,2.063809713,,,,,,
07:40.3,,2.946375211,,,,,,
40:59.2,,0.756650066,,,,,,
25:17.5,,0.577944491,,,,,,
39:31.5,,0.848600006,,,,,,
23:50.1,,0.627800035,,,,,,
51:13.6,,0.797857148,,,,,,
29:10.3,,1.913352966,,,,,,
38:03.2,,1.120950127,,,,,,
22:21.8,,1.771000099,,,,,,
36:34.5,,1.245850086,,,,,,
20:53.0,,0.84842859,,,,,,
35:05.5,,1.048600197,,,,,,
26:14.1,,0.609058829,,,,,,
04:12.6,,1.335764829,,,,,,
33:36.6,,0.865380968,,,,,,
17:54.6,,3.371899796,,,,,,
32:07.6,,1.235857101,,,,,,
51:23.0,,1.630666824,,,,,,
03:40.4,,1.198388947,,,,,,
30:40.9,,0.918999958,,,,,,
14:59.0,,1.597950077,,,,,,
39:15.3,,2.10555564,,,,,,
29:12.8,,3.254000092,,,,,,
13:31.3,,2.970750046,,,,,,
27:44.6,,2.389450264,,,,,,
12:03.3,,2.459300041,,,,,,
38:37.0,,2.036176794,,,,,,
26:15.6,,2.053650284,,,,,,
10:33.7,,1.654250145,,,,,,
16:38.3,,1.507529539,,,,,,
24:47.4,,1.18030014,,,,,,
09:05.9,,1.379650021,,,,,,
23:19.0,,1.932500076,,,,,,
07:37.4,,1.773400116,,,,,,
13:32.0,,1.49582358,,,,,,
21:50.1,,2.254199982,,,,,,
06:08.7,,1.865600014,,,,,,
51:30.7,,1.455117618,,,,,,
20:21.3,,0.794199991,,,,,,
04:39.7,,0.592400026,,,,,,
18:52.8,,1.607850075,,,,,,
03:10.9,,1.152200222,,,,,,
50:59.6,,1.190142904,,,,,,
44:08.1,,0.742499987,,,,,,
17:23.6,,0.882047653,,,,,,
26:26.2,,0.74938466,,,,,,
15:54.7,,1.036142894,,,,,,
00:12.9,,2.344749832,,,,,,
14:27.5,,0.577235334,,,,,,
58:45.5,,0.670750046,,,,,,
25:55.9,,0.749722322,,,,,,
03:57.1,,0.838444498,,,,,,
12:59.9,,0.756666683,,,,,,
01:26.3,,0.62212503,,,,,,
12:07.6,,1.170800018,,,,,,
11:35.0,,2.425533295,,,,,,
55:50.1,,2.09980011,,,,,,
10:04.2,,1.733476185,,,,,,
54:22.1,,1.846899986,,,,,,
00:57.7,,1.344647127,,,,,,
39:00.0,,1.108352998,,,,,,
08:35.4,,0.928200054,,,,,,
27:51.5,,0.99289999,,,,,,
07:07.5,,0.702357224,,,,,,
51:25.4,,0.690157941,,,,,,
05:38.7,,0.575125039,,,,,,
36:02.9,,1.822764789,,,,,,
14:01.5,,0.699500031,,,,,,
04:11.2,,0.947714306,,,,,,
48:28.8,,0.631800127,,,,,,
02:42.4,,1.199900055,,,,,,
47:00.4,,1.224799919,,,,,,
13:36.1,,0.640117701,,,,,,
01:14.3,,1.004666646,,,,,,
45:32.5,,1.149300098,,,,,,
51:36.5,,1.581937551,,,,,,
49:09.9,,1.511166784,,,,,,
59:45.7,,0.897937536,,,,,,
44:03.6,,0.713050032,,,,,,
58:16.5,,1.125300026,,,,,,
42:34.6,,0.842600155,,,,,,
48:39.7,,0.875277837,,,,,,
56:47.5,,0.55794741,,,,,,
41:05.4,,0.923500061,,,,,,
26:42.8,,1.244000011,,,,,,
55:19.1,,0.504000028,,,,,,
39:37.9,,0.634899998,,,,,,
53:51.6,,0.403062522,,,,,,
10:30.7,,1.838958422,,,,,,
23:41.2,,1.413277838,,,,,,
52:25.7,,0.948062539,,,,,,
54:20.6,,0.765190488,,,,,,
37:52.3,,0.864434864,,,,,,
50:56.5,,1.938555823,,,,,,
54:35.5,,1.215684188,,,,,,
00:48.9,,1.689583333,,,,,,
20:14.5,,1.074599981,,,,,,
22:05.8,,2.253450203,,,,,,
01:07.5,,0.733411733,,,,,,
58:36.3,,1.508375168,,,,,,
39:10.8,,0.76275003,,,,,,
10:08.4,,0.93275013,,,,,,
36:37.0,,2.388611264,,,,,,
25:01.5,,0.964680099,,,,,,
59:57.5,,0.718500018,,,,,,
00:06.0,,0.63523078,,,,,,
34:00.6,,1.797087296,,,,,,
30:50.1,,1.052941266,,,,,,
20:11.0,,0.982294202,,,,,,
45:01.7,,1.732250023,,,,,,
29:19.6,,1.38010006,,,,,,
36:06.9,,1.335941203,,,,,,
14:06.8,,1.703722212,,,,,,
43:32.6,,1.568400002,,,,,,
27:50.3,,2.61495018,,,,,,
01:35.6,,2.475958506,,,,,,
59:56.5,,1.145333409,,,,,,
00:05.0,,1.152727246,,,,,,
42:03.1,,1.759750175,,,,,,
26:21.1,,2.565047491,,,,,,
20:10.0,,2.289647341,,,,,,
40:35.0,,0.635000086,,,,,,
11:03.5,,0.738500065,,,,,,
55:41.3,,1.229517312,,,,,,
49:05.5,,2.224611282,,,,,,
39:11.7,,2.465083599,,,,,,
59:58.0,,2.245666742,,,,,,
00:06.5,,2.197857141,,,,,,
54:31.8,,1.808250019,,,,,,
37:40.0,,1.601250076,,,,,,
21:58.8,,0.928900051,,,,,,
48:31.0,,1.770058912,,,,,,
20:30.6,,1.021999995,,,,,,
46:04.7,,1.129176533,,,,,,
24:04.7,,0.436764745,,,,,,
59:58.5,,0.533500016,,,,,,
00:07.0,,0.731466651,,,,,,
34:43.8,,2.191550064,,,,,,
19:02.5,,2.819099998,,,,,,
20:14.0,,1.436176658,,,,,,
33:15.7,,0.686200047,,,,,,
17:34.3,,0.659300089,,,,,,
23:33.5,,0.868111134,,,,,,
52:10.0,,1.544363715,,,,,,
16:06.5,,1.744333373,,,,,,
01:32.5,,1.135470671,,,,,,
59:59.0,,0.827000022,,,,,,
00:07.5,,0.612312555,,,,,,
30:19.1,,1.210100079,,,,,,
14:37.3,,2.145300102,,,,,,
20:13.0,,1.392941356,,,,,,
28:50.8,,1.363050079,,,,,,
13:08.8,,0.808850002,,,,,,
58:37.2,,2.080000036,,,,,,
27:22.0,,1.493000031,,,,,,
11:40.3,,0.881949997,,,,,,
45:24.1,,0.880958398,,,,,,
00:06.5,,2.197571516,,,,,,
25:53.1,,1.28390007,,,,,,
10:11.3,,1.160000038,,,,,,
25:47.5,,1.281000137,,,,,,
08:42.9,,0.971350002,,,,,,
36:09.6,,0.961000034,,,,,,
33:38.4,,1.528882419,,,,,,
22:55.4,,1.924250031,,,,,,
00:05.5,,1.75816679,,,,,,
07:13.5,,1.474333445,,,,,,
11:41.0,,1.109705869,,,,,,
20:12.0,,1.561764717,,,,,,
21:27.5,,1.258900166,,,,,,
05:45.9,,1.216349983,,,,,,
19:59.8,,0.954400063,,,,,,
05:38.8,,0.725150013,,,,,,
11:04.0,,0.15716668,,,,,,
00:09.0,,0.387705922,,,,,,
49:02.3,,0.828722318,,,,,,
02:51.2,,1.029230778,,,,,,
20:16.0,,1.795000076,,,,,,
18:24.7,,1.138750076,,,,,,
02:42.8,,0.89800005,,,,,,
16:57.0,,0.606550074,,,,,,
01:14.9,,1.372523898,,,,,,
46:00.2,,0.632800039,,,,,,
00:08.0,,2.072999954,,,,,,
23:56.4,,0.764176481,,,,,,
15:28.6,,1.029650116,,,,,,
59:47.0,,1.083250141,,,,,,
20:13.0,,0.472294122,,,,,,
14:00.6,,0.576200008,,,,,,
58:18.9,,0.356799984,,,,,,
00:02.1,,2.13160888,,,,,,
56:51.7,,1.734823564,,,,,,
00:06.5,,1.70714283,,,,,,
11:03.3,,1.419450092,,,,,,
20:11.0,,1.220294118,,,,,,
55:21.2,,0.873450089,,,,,,
01:25.3,,0.527499979,,,,,,
31:43.2,,0.819725037,,,,,,
59:57.0,,0.749600053,,,,,,
00:05.5,,0.739749968,,,,,,
10:01.7,,0.827499997,,,,,,
36:10.7,,0.918117691,,,,,,
33:43.1,,1.115611182,,,,,,
06:37.5,,1.07755555,,,,,,
55:27.2,,1.055999918,,,,,,
49:29.6,,1.521928651,,,,,,
59:58.5,,0.592500031,,,,,,
00:07.0,,0.527400017,,,,,,
03:39.9,,0.523761931,,,,,,
12:12.5,,0.317545457,,,,,,
11:05.0,,0.515400028,,,,,,
02:12.0,,1.07310009,,,,,,
46:30.2,,1.022900009,,,,,,
00:43.5,,1.734047844,,,,,,
45:01.9,,1.651100159,,,,,,
59:58.5,,1.884000063,,,,,,
00:07.0,,1.908533335,,,,,,
26:42.0,,1.397588281,,,,,,
59:15.1,,0.960800076,,,,,,
43:33.4,,0.956600094,,,,,,
20:13.0,,0.562705874,,,,,,
45:55.1,,0.99353849,,,,,,
57:47.2,,1.226047698,,,,,,
42:05.3,,1.533800125,,,,,,
56:18.9,,0.594368433,,,,,,
00:06.5,,0.460000038,,,,,,
45:18.7,,0.902117673,,,,,,
42:47.8,,0.338555548,,,,,,
20:12.0,,0.454058856,,,,,,
23:26.3,,0.173333327,,,,,,
11:29.5,,1.102291663,,,,,,
20:54.3,,0.405176499,,,,,,
53:23.8,,2.958687544,,,,,,
37:39.0,,2.37765007,,,,,,
00:09.0,,2.47576499,,,,,,
51:52.3,,1.991850281,,,,,,
36:10.1,,2.555550194,,,,,,
20:16.6,,1.167444547,,,,,,
20:17.0,,1.740588188,,,,,,
50:23.3,,1.863850021,,,,,,
58:17.1,,1.848470576,,,,,,
34:41.4,,1.55150013,,,,,,
48:55.7,,0.938950062,,,,,,
33:14.0,,0.646550083,,,,,,
00:11.0,,1.351588249,,,,,,
47:27.8,,2.461050224,,,,,,
31:46.0,,2.796250153,,,,,,
55:13.4,,1.755470725,,,,,,
59:12.7,,1.997944355,,,,,,
33:09.1,,0.944411783,,,,,,
06:22.5,,1.059272853,,,,,,
30:19.4,,1.493947481,,,,,,
44:31.9,,1.696857271,,,,,,
28:50.5,,1.454850006,,,,,,
00:16.5,,1.067125082,,,,,,
43:03.7,,2.311857133,,,,,,
32:31.8,,1.658117743,,,,,,
30:04.7,,1.37788234,,,,,,
08:03.7,,1.529470668,,,,,,
41:35.6,,1.464200211,,,,,,
25:54.0,,1.689400101,,,,,,
00:15.0,,1.555823445,,,,,,
24:25.7,,1.366050053,,,,,,
20:21.0,,2.308470488,,,,,,
38:39.5,,1.422750092,,,,,,
22:57.8,,1.012450123,,,,,,
45:24.0,,1.37811773,,,,,,
33:42.7,,1.870899963,,,,,,
21:29.4,,1.603199959,,,,,,
00:12.0,,1.133647084,,,,,,
35:42.5,,1.140450096,,,,,,
28:41.7,,1.576000214,,,,,,
20:00.3,,1.770050049,,,,,,
20:19.0,,1.505882502,,,,,,
04:00.6,,1.597333454,,,,,,
42:15.7,,1.469666587,,,,,,
18:32.1,,1.015399933,,,,,,
20:13.1,,0.832117698,,,,,,
58:58.6,,1.637285687,,,,,,
32:44.9,,1.292750168,,,,,,
17:03.4,,1.299350166,,,,,,
34:08.3,,0.377000004,,,,,,
00:10.0,,0.789823592,,,,,,
31:16.0,,0.934250069,,,,,,
15:34.1,,0.669952393,,,,,,
20:16.0,,0.612117648,,,,,,
29:06.7,,1.053000093,,,,,,
19:39.3,,1.022222307,,,,,,
17:08.6,,2.003235536,,,,,,
29:46.9,,1.723500061,,,,,,
46:25.6,,1.396291733,,,,,,
55:05.6,,0.530352985,,,,,,
55:38.2,,1.374000072,,,,,,
28:20.4,,1.572062492,,,,,,
59:59.0,,1.191000104,,,,,,
00:07.5,,1.134437561,,,,,,
27:26.0,,1.092520065,,,,,,
26:52.9,,0.8630668,,,,,,
11:08.7,,0.842100048,,,,,,
54:29.7,,0.481166734,,,,,,
25:22.6,,0.623600054,,,,,,
32:29.2,,0.787235316,,,,,,
29:58.1,,1.219100094,,,,,,
21:17.7,,1.139555573,,,,,,
23:54.5,,1.187550068,,,,,,
17:28.6,,1.24816672,,,,,,
20:19.5,,2.136687756,,,,,,
31:15.2,,2.474250158,,,,,,
22:28.3,,1.241411882,,,,,,
06:44.9,,0.655250025,,,,,,
29:28.0,,0.563277774,,,,,,
26:15.2,,0.29944449,,,,,,
20:58.7,,0.422100019,,,,,,
05:16.4,,0.389150023,,,,,,
21:11.9,,0.477904774,,,,,,
00:12.0,,1.246706009,,,,,,
19:30.2,,3.168750381,,,,,,
03:48.0,,2.573450279,,,,,,
27:58.3,,1.266250014,,,,,,
18:01.3,,0.957550144,,,,,,
02:19.0,,1.434500027,,,,,,
04:30.9,,0.955785683,,,,,,
22:57.3,,1.174375057,,,,,,
42:27.1,,0.716235329,,,,,,
00:50.6,,0.753300095,,,,,,
00:09.0,,0.756000042,,,,,,
58:10.2,,0.580952417,,,,,,
15:03.1,,0.766650057,,,,,,
59:21.1,,1.677523658,,,,,,
53:08.3,,0.797500134,,,,,,
13:34.8,,1.139450073,,,,,,
41:57.7,,0.818000008,,,,,,
19:58.3,,0.363333352,,,,,,
17:30.5,,0.596388976,,,,,,
12:06.7,,0.747750044,,,,,,
00:11.0,,0.668529391,,,,,,
56:24.8,,0.71965003,,,,,,
23:26.2,,0.490947422,,,,,,
58:37.6,,1.407000065,,,,,,
10:38.7,,1.171550083,,,,,,
54:56.7,,1.138000107,,,,,,
53:35.6,,2.193200111,,,,,,
09:10.4,,2.674900246,,,,,,
11:07.6,,1.644863822,,,,,,
11:31.7,,1.25777785,,,,,,
00:14.0,,1.838058949,,,,,,
07:43.2,,1.90811136,,,,,,
52:00.7,,1.37225008,,,,,,
20:21.0,,0.60141176,,,,,,
40:51.3,,3.605875254,,,,,,
06:13.7,,3.196549988,,,,,,
50:32.3,,2.366900253,,,,,,
51:59.7,,4.576769315,,,,,,
04:45.7,,0.513300037,,,,,,
49:03.8,,0.733095214,,,,,,
43:36.4,,0.616666667,,,,,,
00:13.0,,0.552764773,,,,,,
03:17.3,,0.454650021,,,,,,
05:14.1,,0.943545428,,,,,,
20:19.0,,0.371882349,,,,,,
20:31.0,,1.840250134,,,,,,
01:49.4,,2.841500176,,,,,,
46:06.1,,2.791550064,,,,,,
55:46.6,,2.314882391,,,,,,
29:23.8,,1.012166765,,,,,,
26:53.3,,0.968000054,,,,,,
00:19.4,,1.104400063,,,,,,
00:11.0,,1.772470593,,,,,,
50:44.7,,1.515125036,,,,,,
58:50.8,,1.704111311,,,,,,
20:20.0,,1.033529401,,,,,,
43:07.3,,1.442750072,,,,,,
17:43.8,,1.918136597,,,,,,
41:40.4,,2.093166987,,,,,,
52:27.2,,2.182500124,,,,,,
04:24.6,,1.628823673,,,,,,
00:16.0,,1.169117689,,,,,,
40:11.2,,1.546450043,,,,,,
30:24.3,,1.595750093,,,,,,
20:23.0,,0.757470608,,,,,,
22:36.2,,0.707052632,,,,,,
05:03.7,,1.711692517,,,,,,
53:00.1,,1.307714326,,,,,,
12:12.6,,1.280047644,,,,,,
39:24.4,,1.571882472,,,,,,
00:16.0,,1.635764718,,,,,,
51:29.4,,2.295263391,,,,,,
17:27.3,,2.266666836,,,,,,
20:23.0,,2.093823671,,,,,,
47:52.7,,1.601750183,,,,,,
50:00.5,,2.093000221,,,,,,
34:18.9,,2.175952366,,,,,,
23:06.2,,1.836000061,,,,,,
48:32.4,,1.562450027,,,,,,
32:51.0,,2.110449982,,,,,,
16:53.8,,1.299352982,,,,,,
00:17.0,,1.425764918,,,,,,
47:04.2,,1.100100136,,,,,,
29:06.2,,1.138055589,,,,,,
20:24.0,,1.944294214,,,,,,
05:58.5,,1.832909151,,,,,,
29:55.2,,2.078526547,,,,,,
19:46.0,,2.149916808,,,,,,
44:07.4,,1.176000118,,,,,,
00:17.0,,1.048352957,,,,,,
14:44.4,,1.809083462,,,,,,
30:00.3,,1.425944434,,,,,,
20:23.0,,1.215235472,,,,,,
49:55.3,,0.690842127,,,,,,
26:57.1,,1.039500046,,,,,,
41:09.8,,0.781200075,,,,,,
44:45.9,,0.79171426,,,,,,
20:03.2,,1.16115801,,,,,,
00:13.0,,1.001882434,,,,,,
39:40.8,,0.927300072,,,,,,
27:08.2,,0.763500002,,,,,,
50:18.4,,1.139076967,,,,,,
05:09.2,,1.032529382,,,,,,
15:01.1,,1.147166676,,,,,,
38:14.8,,1.896428653,,,,,,
22:29.9,,1.09630003,,,,,,
36:43.0,,0.948250103,,,,,,
21:01.4,,0.948428654,,,,,,
00:10.0,,1.189352989,,,,,,
16:43.5,,0.722000003,,,,,,
35:15.1,,0.456749964,,,,,,
01:30.1,,1.013269278,,,,,,
20:19.0,,0.836352944,,,,,,
40:14.6,,0.730388959,,,,,,
11:42.1,,1.713500023,,,,,,
33:49.5,,1.55833346,,,,,,
18:05.3,,1.131000042,,,,,,
46:51.8,,1.597904932,,,,,,
32:19.0,,2.283549881,,,,,,
16:37.3,,1.873476301,,,,,,
00:15.0,,1.884117842,,,,,,
41:50.1,,1.572550201,,,,,,
39:41.2,,1.696555667,,,,,,
30:50.9,,2.023750114,,,,,,
20:23.0,,0.723941267,,,,,,
17:09.2,,0.637047677,,,,,,
15:11.1,,0.387777779,,,,,,
29:23.2,,1.467285701,,,,,,
13:41.2,,0.764499998,,,,,,
57:48.4,,0.787000076,,,,,,
27:54.6,,0.754350042,,,,,,
00:17.0,,0.660411835,,,,,,
12:12.7,,0.786900043,,,,,,
14:41.3,,0.479444504,,,,,,
20:24.0,,0.846529424,,,,,,
42:22.1,,1.161750078,,,,,,
52:37.8,,1.48817657,,,,,,
43:04.8,,1.716041724,,,,,,
24:59.2,,1.711687565,,,,,,
09:15.0,,1.376600075,,,,,,
00:16.0,,1.260352969,,,,,,
44:02.0,,0.974100113,,,,,,
08:25.7,,0.684333302,,,,,,
07:46.8,,0.454105277,,,,,,
49:35.6,,0.644882427,,,,,,
39:00.0,,0.462166667,,,,,,
27:36.2,,0.41968751,,,,,,
06:16.8,,0.829800034,,,,,,
14:13.0,,3.446500015,,,,,,
20:30.2,,1.31050024,,,,,,
04:47.9,,0.748600006,,,,,,
00:11.0,,1.938411713,,,,,,
09:10.9,,0.711761929,,,,,,
39:51.4,,0.931120071,,,,,,
03:22.0,,0.62746671,,,,,,
26:58.2,,2.984353009,,,,,,
05:01.0,,2.765235452,,,,,,
17:33.7,,2.548400116,,,,,,
01:51.9,,2.256285531,,,,,,
14:39.0,,1.077250004,,,,,,
00:23.8,,1.480200005,,,,,,
00:14.0,,1.578353047,,,,,,
14:38.1,,1.684950066,,,,,,
58:56.0,,1.464100075,,,,,,
01:58.9,,1.413176593,,,,,,
39:57.3,,2.893823511,,,,,,
42:56.4,,2.079071726,,,,,,
41:24.8,,2.003125191,,,,,,
00:17.0,,2.288533449,,,,,,
11:43.6,,2.252944522,,,,,,
56:00.0,,1.223350048,,,,,,
10:14.2,,1.170200062,,,,,,